数据,11208
分析,7291
业务,5975
能力,5024
工作,4569
经验,4307
相关,4015
产品,3295
优先,3158
进行,2746
运营,2746
熟悉,2339
负责,2264
用户,2202
要求,2031
团队,1984
沟通,1938
需求,1897
使用,1856
良好,1811
熟练,1746
年,1711
公司,1703
以上学历,1680
专业,1679
报告,1640
问题,1608
提供,1532
强,1507
任职,1503
数学,1464
统计,1452
行业,1447
具备,1440
挖掘,1437
SQL,1432
项目,1411
优化,1408
具有,1397
互联网,1365
工具,1351
数据挖掘,1347
岗位职责,1333
支持,1312
学习,1310
模型,1279
",",1212
本科,1187
能够,1105
建模,1097
统计学,1034
策略,1021
R,1016
-,1013
完成,997
开发,958
了解,932
监控,929
中,929
计算机,920
建立,893
设计,882
逻辑,875
研究,872
建议,867
应用,830
Python,830
算法,827
技术,821
指标,818
客户,807
平台,805
体系,804
较强,797
决策,793
岗位,792
独立,783
发现,764
:,743
金融,732
提出,729
管理,727
部门,720
推动,715
行为,714
商业,714
合作,708
精通,706
理解,701
报表,685
数据库,664
参与,641
软件,617
发展,612
方法,610
优秀,605
日常,602
职责,598
逻辑思维,595
一定,588
方案,584
SAS,578
敏感,560
掌握,556
资格,547
Excel,545
海量,544
市场,536
至少,535
深入,533
一种,525
SPSS,520
搭建,505
游戏,504
提升,492
熟练掌握,491
系统,490
处理,487
善于,486
语言,484
包括,481
快速,474
机器,474
风险,470
协调,470
提供数据,467
评估,465
责任心,464
撰写,461
方向,459
效果,459
精神,457
敏感度,452
常用,451
协作,449
基础,447
构建,446
制定,441
价值,440
落地,437
建设,429
协助,429
整理,429
流程,427
+,424
输出,424
统计分析,423
数据处理,423
深度,420
解决,414
核心,411
有效,408
活动,403
业务部门,402
信息,401
营销,396
提取,396
职位,389
),384
;,382
实现,378
背景,372
解决方案,372
完善,372
收集,360
定期,358
各类,358
驱动,357
可视化,355
领域,348
电商,345
改进,345
结合,344
指标体系,343
洞察,341
形成,337
机会,335
…,332
运用,331
跟踪,331
】,330
【,328
规划,328
表达能力,324
PPT,323
意识,323
执行,321
场景,320
维护,318
编写,318
实施,314
python,314
目标,314
BI,310
及时,307
考虑,306
丰富,304
服务,303
知识,297
调研,293
思维,293
数据模型,293
内容,293
特征,288
提炼,288
专业本科,285
变化,284
研发,283
清洗,281
抗压,281
给出,281
实际,280
操作,280
新,278
and,276
持续,275
利用,272
专题,270
异常,267
推进,266
质量,264
数据仓库,264
情况,264
风控,261
增长,260
压力,252
监测,251
开展,249
excel,248
画像,247
类,245
办公,242
经营,242
渠道,242
框架,239
总结,239
Hive,237
清晰,233
梳理,230
企业,230
解决问题,230
主动,230
及时发现,228
创新,227
严谨,225
会,223
销售,220
制作,220
指导,219
配合,218
化,218
数据报表,217
福利,216
强烈,212
Hadoop,210
支撑,208
帮助,207
预测,206
回归,206
相应,205
各项,205
hive,204
经历,204
EXCEL,203
(,201
专项,201
硕士,200
转化,200
做,199
探索,199
对接,199
月,198
深入分析,198
采集,197
思路,196
咨询,196
推广,193
需要,193
潜在,191
广告,190
描述,189
过程,188
高效,188
迭代,188
跟进,187
基本,187
员工,186
文档,186
内部,185
培训,185
敏锐,183
分析模型,182
结论,181
准确,180
整合,179
复杂,176
多种,176
技能,175
Spark,173
编程,171
计算机相关,171
方面,170
点,169
预警,167
热爱,166
环境,165
功能,165
拥有,165
经济,164
理论,163
规律,163
具体,163
规则,162
全日制,161
组织,161
推荐,161
自我,160
不同,160
改善,160
体验,159
高,159
sql,158
不断,157
承受,156
原因,155
61,155
反馈,155
线,154
Tableau,154
查询,153
效率,153
测试,152
关键,152
合理,152
欺诈,152
主流,151
完整,150
产出,150
兴趣,150
扎实,149
聚类,149
整体,148
成长,147
思考,147
经济学,146
数美,145
政策,145
执行力,145
敏感性,144
承担,143
定位,143
时间,142
解读,141
ETL,140
年度,139
关注,138
统招,137
任务,137
分类,137
资源,136
战略,135
经理,135
移动,135
零售,134
投放,134
大学本科,133
细致,132
数字,131
人员,131
to,130
分析师,129
常规,129
计算,129
一起,129
方,128
网站,127
积极主动,127
现有,126
数据源,125
诊断,125
趋势,125
限于,123
一金,123
洞察力,123
．,122
上线,122
文字,122
沉淀,122
领导,121
数理统计,120
竞品,119
跨部门,119
流量,118
带薪,118
展示,117
反,117
调整,117
一年,117
自动化,117
Java,115
大型,115
*,115
角度,115
品牌,114
意见,114
分析方法,114
高度,114
机制,113
评分,113
原理,113
财务,112
汇总,112
认真,111
假,111
五险,110
全面,110
提高,110
跨,110
埋点,109
验证,109
架构,109
成功,108
理解能力,108
精准,108
维度,108
加,107
编程语言,107
重点,107
波动,107
计划,106
关联,106
MySQL,105
从事,105
隐含,105
决策树,105
信贷,104
hadoop,103
性,103
Oracle,103
热情,102
智能,102
安全,102
功底,102
从业,101
科技,101
更,100
data,100
方法论,100
汇报,99
全,99
确保,99
―,99
项目管理,99
语句,99
分享,98
动态,98
投资,97
需,97
呈现,97
结构化,97
一个,97
态度,97
人工智能,96
规范,96
三年,96
擅长,95
端,95
APP,95
com,95
\,95
识别,94
www,94
外部,93
KPI,93
旅游,93
社交,92
积极,92
常见,92
方式,92
归纳,91
细节,91
表达,91
条件,91
环节,90
辅助,90
状况,89
追踪,89
模式,89
获得,89
关系,88
手段,88
中心,88
空间,88
工程,88
团队精神,88
报,88
薪酬,87
影响,87
责任感,86
寻找,86
两年,86
一门,86
部署,86
工程师,85
生命周期,85
产品设计,85
媒体,84
Linux,84
实践经验,84
★,84
数据管理,83
主要,83
・,83
响应,82
准确性,82
分,82
体检,82
广告投放,82
标签,82
函数,82
交易,80
IT,80
数据结构,80
加入,80
保证,80
背后,80
百度,79
消费,79
耐心,78
360,78
市场营销,78
量化,78
mysql,78
毕业,77
管理层,77
留存,77
英文,77
介绍,77
表现,76
模块,76
in,75
学历,75
标准,75
极强,75
成果,75
思维能力,74
出色,74
产品化,74
业务流程,74
福利待遇,74
补贴,74
导向,74
临时,74
深刻,74
商品,74
挑战,74
信息技术,74
做事,73
ishumei,73
层面,73
银行,73
竞争力,73
网络,73
发掘,73
脚本语言,73
有大,73
获取,73
spark,73
充分,73
简单,73
抽象,72
小米,72
脚本,72
交办,72
精细化,72
愿意,72
英语,72
组合分析,71
痛点,71
教育,71
征信,71
主动性,71
每月,71
VBA,71
周报,71
211,70
没有,70
城市,70
细心,70
双休,70
零食,70
健康,70
图表,69
接受,69
成本,69
踏实,69
调优,68
给予,68
with,68
达成,68
科学,68
分项,68
系统性,68
晋升,67
l,67
路,67
985,67
知名,67
致力于,67
综合,66
日报,66
氛围,66
观点,66
创业,65
风险管理,65
落实,65
节日,65
特点,65
好奇心,65
交付,65
案例,65
满足,65
适应,65
交流,65
the,65
物流,65
活跃,64
喜欢,64
业绩,64
激情,64
独立思考,63
搜索,63
每年,63
神经网络,63
很强,63
信用,63
本科学历,63
同事,62
a,62
存在,62
of,62
Mysql,62
office,62
文本,62
多维度,62
&,62
尤佳,62
节假日,61
集团,61
安排,61
金融机构,61
个人,61
策划,61
路径,61
医疗,61
信用卡,61
定位问题,60
控制,60
共同,60
更佳,60
基本原理,60
逻辑性,60
海外,60
进度,60
紧密,60
做出,59
重要,59
协同,59
后台,59
有过,59
以下,59
交通,59
迅速,59
职业,59
主题,59
A,59
直播,59
免费,59
10,58
~,58
针对性,58
高级,58
弹性,58
上级,58
出具,58
拓展,57
提交,57
定义,57
现状,57
属性,57
理工科,57
带领,56
消费者,56
尤其,56
国家,56
奖金,56
型,56
深刻理解,56
实时,56
代码,56
会员,56
限,55
搜集,55
周,55
判断,55
长期,55
资产,55
认真负责,55
机构,55
腾讯,54
查询语言,54
表,54
入职,54
准备,54
认识,54
运作,54
较大,53
／,53
出,53
更新,53
客服,53
确定,53
电子商务,53
不定期,53
漏斗,53
缜密,53
顶尖,52
之间,52
加班,52
计算机专业,52
Shell,52
病假,52
考核,52
产生,52
找到,52
O2O,52
计算机科学,52
」,52
分布式,52
大专,51
tableau,51
希望,51
Office,51
整个,51
语言表达,51
驱动力,51
「,51
实验,51
存储,51
实习,51
薪资,51
CRM,51
周末,51
自然语言,51
对应,50
中国,50
注重,50
均,50
拆解,50
●,50
抽取,50
国内,50
shell,50
B,50
保持,50
敏捷,49
目的,49
贷后,49
数学模型,49
信息管理,49
结构,49
产品线,49
支付,49
追求,49
负责人,49
https,48
云,48
联合,48
性能,48
analysis,48
一家,48
高质量,48
参考,48
期权,47
国内外,47
大规模,47
透视,47
认知,47
部分,47
预算,47
竞争对手,47
待遇,47
反映,47
天,47
生日,47
乐于,47
C++,47
催收,47
全球,47
商业价值,47
Matlab,46
生日会,46
html,46
个性化,46
号,46
日,46
流失,46
充满,45
行动,45
编制,45
收集整理,45
成员,45
转化率,45
发展趋势,45
灵活,45
or,45
包含,44
定量分析,44
计量经济学,44
控,44
合理化,44
玩家,44
世界,44
习惯,44
定制,44
底层,44
基金,44
类产品,44
见解,44
日志,44
群,44
java,44
较为,43
毕业生,43
可行性,43
评价,43
促进,43
品类,43
找出,43
欢迎,43
大量,43
研究生,43
选择,43
实践,43
快乐,43
含,42
理念,42
东西,42
SVM,42
展现,42
大学,42
汽车,42
特定,42
资源整合,42
富有,42
ppt,42
未来,42
把握,41
供应链,41
客观,41
AI,41
心理学,41
生活,41
数据系统,41
目前,41
下午茶,41
C,41
最好,40
足够,40
绩效,40
模板,40
享受,40
更好,40
异常情况,40
北京,40
引导,40
院校,40
比较,39
按时,39
口头,39
法定,39
解释,39
小时,39
非常,39
钻研,39
自主,39
团建,39
spss,39
统筹,39
linux,39
线上,39
级,38
人群,38
竞争,38
书面,38
序列,38
技巧,38
密切,38
写,38
集市,38
课程,38
补助,38
阶段,38
年终奖,38
地点,38
experience,38
主导,38
期望,38
有效性,38
元,37
文化,37
率,37
节点,37
Server,37
方案设计,37
计算机软件,37
制度,37
覆盖,37
商业化,37
依托,37
带来,37
第三方,37
数理,37
加分,37
00,37
努力,37
分布式计算,37
店铺,37
购买,37
二,37
保险,37
工资,37
思路清晰,37
一线,36
接入,36
卡,36
Data,36
勇于,36
逻辑推理,36
人才,36
得到,36
明确,36
对大,36
成为,36
地址,36
定量,36
午餐,36
写作能力,35
系统化,35
进取心,35
专注,35
生产,35
面试,35
成立,35
物理,35
业界,35
加工,35
课题,35
理论知识,35
销售策略,35
商户,35
月度,35
联系,35
意愿,35
business,35
事件,34
熟悉业务,34
讲解,34
金融学,34
投递,34
因素,34
请,34
HIVE,34
出发,34
积累,34
MATLAB,34
变现,34
30,34
"""",34
性格,34
开放,34
定性,34
阅读,34
前沿,34
team,34
求知欲,34
决策依据,34
审核,34
创建,34
原型,34
奖励,34
分解,34
阿里,34
资金,33
舆情,33
全国,33
定价,33
专业知识,33
生态,33
创新能力,33
晚餐,33
国际,33
工作制,33
最佳,33
监督,33
运行,33
任一,33
管控,33
季度,33
客群,33
Word,33
区域,33
多个,32
规模,32
Scala,32
on,32
最终,32
应届生,32
诚信,32
is,32
顶级,32
版本,32
计量,32
内外部,32
工具软件,32
先进,32
深厚,32
领先,32
创造,32
正在,32
生育,32
异动,32
每周,31
衍生,31
简历,31
oracle,31
市场调研,31
特别,31
礼金,31
治理,31
产品开发,31
技术开发,31
突出,31
调薪,31
打造,31
应届,31
生物,31
自由,31
投入,31
设定,31
商务,31
视频,31
感兴趣,31
佳,30
活跃度,30
符合,30
强大,30
开源,30
聚类分析,30
运筹学,30
浓厚,30
数据分析系统,30
for,30
证券,30
培养,30
交互,30
聚餐,30
直接,29
京东,29
招聘,29
优质,29
站,29
重点项目,29
检测,29
主管,29
假期,29
结婚,29
社会学,29
后续,29
旗下,29
做好,29
MS,29
多维,29
伙伴,28
任意,28
正直,28
细分,28
反作弊,28
购物,28
稳定,28
管理工作,28
事业部,28
工作效率,28
非,28
阶段性,28
为佳,28
面向,28
必须,28
项目经理,28
文案,28
Google,28
广阔,28
数仓,28
严密,28
程序,28
运维,28
上报,28
行业动态,28
激励,28
影响力,28
类型,28
筛选,28
组织协调,27
App,27
进展,27
挑战性,27
高强度,27
爱奇艺,27
最右,27
种,27
著名,27
地铁,27
形态,27
AB,27
信贷业务,27
传统,27
战略决策,27
主要职责,27
参加,27
分层,27
带,27
微信,27
偏好,26
一款,26
检验,26
周期性,26
已有,26
访问,26
work,26
PYTHON,26
判断能力,26
基础知识,26
供应,26
特性,26
预估,26
通讯,26
成熟,26
困难,26
资料,26
礼品,26
自驱力,26
一点,26
有着,26
理解力,26
接触,26
医学,26
最新,26
标准化,26
电信,26
供应商,26
前,26
诚实,26
宝,26
通用,26
临床,26
公式,25
范围,25
每日,25
媒介,25
不断完善,25
沟通交流,25
工业,25
快,25
收益,25
语音,25
一位,25
分配,25
洞见,25
技术支持,25
审批,25
快消,25
页面,25
skills,25
水平,25
衡量,25
项目分析,25
数据服务,25
补充,25
市场趋势,24
战略规划,24
规定,24
爬虫,24
心理,24
商业保险,24
每个,24
优秀者,24
供,24
亦可,24
股票,24
突破,24
同行业,24
前端,24
水果,24
感觉,24
找,24
会议,24
MapReduce,24
创业者,24
交代,24
商家,24
出差,24
社区,24
链路,24
信用风险,24
卖家,24
读写能力,24
状态,24
勤奋,24
sas,24
想,24
小伙伴,24
享有,24
口径,24
资讯,24
新闻,24
合适,24
Analytics,24
成,24
上进心,24
电脑,23
丰厚,23
服务提供商,23
发现异常,23
现场,23
左右,23
统一,23
家人,23
word,23
形式,23
奖,23
热点,23
运营商,23
对外,23
外,23
管理体系,23
转换,23
听说读写,23
面对,23
简洁,23
人人,23
差异,23
学生,23
薪,23
一次,23
可能,23
缺陷,23
开阔,23
软件工程,23
保证数据,23
引入,23
变量,23
懂,23
检查,23
网络营销,23
商业机会,23
间,23
事项,23
调查,23
线下,23
固化,23
伯乐,22
概念,22
唱,22
12,22
Store,22
18,22
2015,22
宏观,22
知名企业,22
商业智能,22
需求方,22
娱乐,22
挖掘出,22
极致,22
适当,22
程序开发,22
接口,22
有限公司,22
NLP,22
认真细致,22
涉及,22
aboutUs,22
金融业务,22
保障,22
指定,22
抗,22
里,22
不要,22
English,22
2017,22
说,22
开发工具,22
作业,22
动作,22
合理性,22
申请,22
贷前,22
理财,22
部,22
实战经验,22
嗅觉,22
度,22
HBase,22
思想,22
敬业精神,22
博士,22
两次,21
力,21
产假,21
深,21
本质,21
医疗保险,21
上级领导,21
讨论,21
畅享,21
视野,21
亿,21
轻松,21
得出,21
打卡,21
结算,21
前瞻,21
数值,21
Hbase,21
在线,21
几种,21
市场推广,21
每天,21
引擎,21
数量,21
手游,21
同城,21
时代,21
58,21
乐观,21
清理,21
15,21
匹配,21
开展业务,21
法律,21
数据业务,21
贷款,21
正常,21
住院,21
传播,21
年轻,20
解答,20
一项,20
作用,20
收入,20
Storm,20
态势,20
作弊,20
2019,20
智慧,20
二年,20
MongoDB,20
分析判断,20
房地产,20
解析,20
国外,20
万,20
离线,20
投,20
增长点,20
森林,20
随机,20
客户端,20
资深,20
放宽,20
事务,20
发布,20
转化成,20
总监,20
核算,20
花椒,20
授信,20
深入研究,20
包,20
排查,20
熊猫,20
传达,20
用钱,20
改变,20
想法,20
剖析,20
中信银行,20
专利,20
MYSQL,20
复盘,20
丧葬,20
天起,20
贷中,20
防控,20
推动力,20
生成,20
跨境,20
助力,19
GBDT,19
确认,19
观察,19
视角,19
专家,19
测算,19
价格,19
提炼出,19
来源,19
上班,19
赋能,19
已经,19
汽车行业,19
信息系统,19
礼物,19
数,19
时,19
应对,19
订单,19
操守,19
条理清晰,19
不再,19
最大,19
短板,19
性格开朗,19
架构设计,19
作出,19
影视,19
人性化,19
餐饮,19
营收,19
表述,19
内外,19
侧,19
五年,19
孤单,19
13,19
期待,19
关键因素,19
各方,19
server,18
matlab,18
操作系统,18
应聘,18
上海,18
从中,18
诱惑,18
快节奏,18
愿景,18
各个环节,18
PowerPoint,18
角色,18
当前,18
饮料,18
号线,18
上班时间,18
缴纳,18
周期,18
平庸,18
约,18
多元,18
清楚,18
商业模式,18
级别,18
应变能力,18
舒适,18
开拓,18
有条理,18
季报,18
职业道德,18
账户,18
广告行业,18
#,18
绩效奖金,18
获客,18
as,18
SEM,18
盈利,18
咖啡,18
贝叶斯,18
稳定性,18
材料,18
展开,18
年底,18
后期,18
前提,18
搜狗,18
临时性,18
related,18
半年,18
PHP,18
素质,18
抗压性,18
遇到,17
前沿技术,17
product,17
改造,17
必要,17
记录,17
贷,17
Power,17
更优,17
问卷,17
保密,17
医院,17
设备,17
变化趋势,17
过滤,17
六,17
自驱,17
政府,17
公众,17
时尚,17
三,17
出现,17
竞赛,17
加薪,17
诉求,17
篮球,17
群体,17
主,17
Unix,17
一份,17
训练,17
网络游戏,17
网易,17
广泛,17
用于,17
餐补,17
网,17
智能化,17
出口,17
写作,17
属于,17
达到,17
多款,17
走势,17
评级,17
消费信贷,17
核对,17
录用,17
高校,17
信息安全,17
专业技能,17
闭环,16
一流,16
专科,16
通信,16
决策层,16
一站式,16
finance,16
产业,16
进程,16
值,16
数理逻辑,16
金融市场,16
人力,16
值得,16
合作伙伴,16
总部,16
事物,16
羽毛球,16
事情,16
表格,16
学校,16
上市,16
抓住,16
动机,16
家,16
现象,16
our,16
金融公司,16
失败,16
浓厚兴趣,16
...,16
客户关系,16
官方,16
出行,16
各人,16
走向,16
be,16
前期,16
Kafka,16
公积金,16
动手,16
2014,16
充满热情,16
极大,16
工作者,16
促销,16
动向,16
反应,16
自有,16
咨询服务,16
心态,16
线性,16
不能,16
转正,16
pandas,16
官网,16
重大,16
岗,16
付费,16
learning,16
校验,15
敢于,15
OFFICE,15
数据测试,15
推出,15
发挥,15
创造性,15
会计,15
优秀员工,15
风,15
截止,15
故障,15
婚假,15
优势,15
14,15
前瞻性,15
有所,15
六险,15
可用性,15
开发人员,15
互动,15
举一反三,15
关键性,15
独特,15
客户服务,15
贡献,15
事业,15
举措,15
知识库,15
正,15
历史数据,15
特征提取,15
HDFS,15
人际沟通,15
合同,15
软件开发,15
爱,15
初步,15
试验,15
analytics,15
端的,15
轨迹,15
审计,15
建设性,15
教学,15
因果,15
商城,15
频道,15
积极向上,15
高层,15
数字化,15
精英,15
c,15
b,15
社会,15
一直,15
成就感,15
书写,15
管理系统,15
电子,15
制造,15
售前,15
细化,15
程度,15
吃苦耐劳,15
主人翁,14
认同,14
选品,14
学科,14
insights,14
十余年,14
关键词,14
大厦,14
演示,14
地区,14
创始,14
工程化,14
公司简介,14
之前,14
创意,14
推断,14
管理者,14
五天,14
潜力,14
升级,14
固定,14
资本,14
相信,14
学位,14
标注,14
情报,14
集成,14
广场,14
库,14
专题研究,14
监管,14
美好,14
懂得,14
借鉴,14
现金,14
获取数据,14
both,14
发放,14
信息化,14
问答,14
Redis,14
组合,14
NoSQL,14
融入,14
互金,14
顾问,14
专题性,14
图谱,14
http,14
详细,14
from,14
控系统,14
位于,14
创新性,14
并用,14
漏洞,14
Powerpoint,14
能动性,14
业务管理,14
承担责任,14
意义,14
掌握业务,14
聚合,14
关键问题,14
数据中心,14
坚持,14
业务人员,13
PC,13
留学,13
车,13
2.3,13
敬业,13
滴滴,13
梦想,13
可靠,13
preferred,13
development,13
同步,13
introduction,13
围绕,13
商,13
擅于,13
cn,13
当中,13
定向,13
代理,13
PowerBI,13
系统分析,13
归档,13
results,13
届,13
社保,13
营销学,13
效能,13
认为,13
库存,13
喜好,13
年报,13
plus,13
重视,13
Sql,13
初级,13
组件,13
分布式系统,13
企业级,13
GA,13
进一步,13
健身房,13
预期,13
四,13
运动,13
捕捉,13
软件工具,13
扩展,13
季,13
企划,13
at,13
挖据,13
科研,13
头条,13
预处理,13
及时性,13
analytical,13
相结合,13
健身,13
理工类,13
创造力,13
全职,13
适应能力,13
发送,13
老板,13
创始人,13
实施方案,13
solution,13
第一,13
高速,13
扁平化,13
竞对,13
PostgreSQL,13
真正,13
分红,13
科技前沿,13
说明,13
逾期,12
业内,12
事宜,12
复购,12
服务器,12
信息科学,12
稳重,12
岁,12
面向对象编程,12
务实,12
群体行为,12
美的,12
深圳,12
图,12
01,12
DB2,12
变更,12
Good,12
流利,12
ability,12
K,12
生日礼物,12
Perl,12
期间,12
will,12
you,12
知识产权,12
胜任,12
路上,12
EM,12
进入,12
评测,12
顺畅,12
表象,12
榜,12
区块,12
链,12
工商管理,12
监测数据,12
d,12
tools,12
实验设计,12
采用,12
先后,12
500,12
定时,12
上市公司,12
communication,12
必备,12
假设,12
代表,12
超过,12
层,12
多家,12
宜信,12
满意度,12
20,12
35,12
招商,12
年薪,12
抓取,12
配置,12
变动,12
正确,12
年轻人,12
1000,12
立项,12
集群,12
开发者,12
观察力,12
督导,12
一系列,12
解构,12
卓越,12
主观,12
系,12
金融类,12
quality,12
午休,12
典型,12
有志于,12
中诚信,12
瓶颈,12
’,12
可信赖,12
纬度,12
深挖,12
社会化,12
完整性,12
次,12
在线教育,12
广州市,12
etc,12
灵活运用,12
67,12
numpy,12
样本,12
融资,12
Position,12
美国,11
51,11
门店,11
management,11
全称,11
优厚,11
评审,11
years,11
process,11
市场动态,11
指引,11
Pandas,11
hql,11
并行计算,11
E,11
地方,11
为主,11
全局,11
萌牙,11
Keep,11
朝九晚,11
可行,11
天河区,11
汇报工作,11
内在,11
分公司,11
creditFengkong,11
北京市,11
想象力,11
采购,11
聚集,11
板,11
硅谷,11
指导意义,11
平凡,11
违规,11
顾客,11
计算机信息,11
降低,11
类似,11
酒店,11
配送,11
措施,11
证券化,11
为人正直,11
节奏,11
素养,11
最大化,11
连续,11
宣传,11
引领,11
录入,11
指导性,11
an,11
因子分析,11
费用,11
原始数据,11
排名,11
可用,11
sqlserver,11
精确,11
刻画,11
源,11
大牛,11
办理,11
天年,11
增加,11
聚会,11
国际化,11
市场策略,11
对模型,11
提成,11
提倡,11
职能,11
深层次,11
Requirements,11
研究成果,11
变得,11
式,11
修改,11
担当,11
激活,11
科学家,11
性别,11
年龄,11
垂直,11
编辑,11
真实,11
取数,11
degree,11
旅行,11
利润,11
杰出,11
地图,11
中有,11
贴合,11
Bachelor,11
项,11
入库,11
概率,11
简明扼要,11
Experience,11
系列,11
同学,10
电子信息,10
概括,10
JAVA,10
商机,10
一批,10
专门,10
规划设计,10
考察,10
反推,10
功能设计,10
适用,10
广州,10
数据表,10
进,10
系列产品,10
分期,10
including,10
对风控,10
new,10
全方位,10
仍然,10
端到,10
现代,10
写字楼,10
管理策略,10
不限,10
联网,10
单位,10
10,10
手机,10
充足,10
不想,10
marketing,10
☆,10
微博,10
判断力,10
多项,10
TV,10
Clementine,10
更加,10
对策,10
组,10
client,10
信贷风险,10
Description,10
处于,10
快速增长,10
知识面,10
使用者,10
交叉,10
外卖,10
供需,10
case,10
新人,10
仓储,10
读取数据,10
点击,10
组内,10
揭示,10
例行,10
多角度,10
和谐,10
11,10
途径,10
Responsibilities,10
hbase,10
妖怪,10
SEO,10
不断改进,10
预研,10
终端,10
分发,10
指南,10
对内,10
优,10
分众传媒,10
披露,10
会用,10
室,10
年限,10
SPARK,10
Axure,10
丧假,10
提案,10
作品,10
集,10
技术人员,10
岗前,10
武汉,10
办公室,10
语义,10
资质,10
正式,10
绩效考核,10
7.5,10
经常,10
中午,10
熟练地,10
理财产品,10
售后,10
事,10
分布,10
华为,10
切实可行,10
精品,10
DT,10
源码,10
1.3,10
设立,10
坚定,10
薄弱环节,10
app,10
说明书,10
拿到,10
重复,10
精选,10
拷问,10
健美,10
＃,10
渗透到,9
绘制,9
销售部,9
e,9
管理制度,9
变革时代,9
归因,9
have,9
品牌价值,9
天猫,9
消耗,9
DMP,9
实操,9
探索性,9
担任,9
惊喜,9
感,9
舞台,9
－,9
人力资源,9
路线,9
用户量,9
情怀,9
数百家,9
悠易,9
微软,9
储备,9
组成,9
海,9
近,9
认可,9
modeling,9
既有,9
红包,9
learn,9
勇于创新,9
欲望,9
专员,9
LR,9
查找,9
成分,9
休息,9
层级,9
BO,9
基本面,9
Informatica,9
发起,9
程序化,9
候选人,9
文章,9
sense,9
协议,9
连锁,9
隐藏,9
蚂蚁,9
预判,9
产品销售,9
bi,9
相关性,9
技术部,9
发展前景,9
优异,9
digital,9
满,9
24,9
玩法,9
体系化,9
厂商,9
自豪,9
感知,9
海蛇,9
FICO,9
基本概念,9
.#,9
MySql,9
test,9
模拟,9
最早,9
医药,9
PS,9
推演,9
公开,9
集体,9
药物,9
口自贸,9
片区,9
历任,9
承受能力,9
津贴,9
BD,9
唐会军,9
事业心,9
认真仔细,9
增强,9
金山,9
很多,9
朋友,9
受过,9
抽样,9
七牛云,9
研发部门,9
通道,9
约会,9
条线,9
原则,9
网络广告,9
情商,9
做过,9
Job,9
调取,9
are,9
written,9
一场,9
相比,9
统筹规划,9
ROI,9
景区,9
难题,9
估值,9
常识,9
专题报告,9
饿,9
酷狗,9
点融,9
挖财,9
闪银,9
周岁,9
生态圈,9
计划性,9
H5,9
HQL,9
之后,9
十余项,9
前十,9
居,9
紧密配合,9
地向,9
畅快,9
初期,9
管理科学,9
投资人,9
语法,9
服务平台,9
工作岗位,9
描述性,9
专属,9
above,9
TalkingData,9
构架,9
搜索引擎,9
高大,9
good,9
之美,9
knowledge,9
数据链,9
举办,9
同行,9
100%,9
共性,9
project,9
探究,9
广告业务,9
掩藏,9
工匠,9
大道,9
尝试,9
MBA,9
全勤奖,9
代理商,9
50,9
角落,9
户外,9
过往,9
之下,9
陪,9
害怕,9
说服力,9
able,8
学员,8
models,8
74,8
讲座,8
传媒,8
support,8
寻求,8
官僚,8
热爱生活,8
跑得快,8
!,8
说了算,8
到底,8
既定,8
决定,8
一竿子,8
捅,8
有书,8
A轮,8
发行,8
用人,8
开放式,8
72,8
c++,8
看到,8
乐易,8
假日,8
心甘情愿,8
一步步,8
发现自己,8
券商,8
信条,8
不尚空谈,8
流行病学,8
追,8
派,8
坚信不移,8
软件产品,8
对此,8
建模语言,8
革命,8
条理性,8
低俗,8
炮,8
是因为,8
认证,8
发表,8
深深,8
着迷,8
全情,8
牺牲,8
犯错,8
满足感,8
开朗,8
后会,8
休息时间,8
投入产出,8
WORD,8
统计数据,8
世德,8
对系统,8
疲倦,8
它会,8
组建,8
excle,8
绝不,8
高登,8
较劲,8
真的,8
打游戏,8
管理信息系统,8
DW,8
现,8
共事,8
Tensorflow,8
今日,8
超强,8
失业,8
vba,8
论证,8
在家,8
大盘,8
管理决策,8
假设检验,8
拼搏,8
阿里巴巴,8
实习生,8
专业性,8
小组,8
遥感,8
高性能,8
基本知识,8
发散,8
试用期,8
时效性,8
全面性,8
Visio,8
智,8
Be,8
设置,8
评论,8
测量,8
底薪,8
中秋节,8
合作项目,8
VC,8
物流业,8
internal,8
互通,8
曾经,8
体现,8
演讲,8
报送,8
过关,8
反感,8
Spss,8
珍惜,8
质疑,8
试用,8
常用命令,8
母婴,8
横向,8
共享,8
认真思考,8
住房补贴,8
宏观经济,8
最多,8
能耐,8
歇歇,8
web,8
男女,8
管理学,8
MR,8
2018,8
完全,8
四级,8
中英文,8
肯干,8
项目组,8
身体,8
金融风险,8
storm,8
最优化,8
Mapreduce,8
o,8
善,8
仓,8
餐饮行业,8
花,8
Cognos,8
将要,8
题,8
看好,8
妥协,8
传输,8
90,8
承接,8
短期,8
济南,8
研究院,8
便利,8
拟定,8
证书,8
地理信息,8
teams,8
发生,8
中间,8
补,8
知识者,8
效益,8
丰富多彩,8
即可,8
s,8
field,8
具,8
technology,8
projects,8
重要性,8
不少,8
带动,8
行为习惯,8
每位,8
1.1,8
巨大,8
流转,8
参数,8
调动,8
产品策划,8
勇于探索,8
运转,8
电销,8
机遇,8
关怀,8
召回,8
线索,8
整合营销,8
01,8
r,8
PM,8
实行,8
2.2,8
Work,8
授权,8
带薪休假,8
经销商,8
密切合作,8
整洁,8
正规,8
分群,8
以后,8
劳动合同,8
编码,8
database,8
小川,8
社会保险,8
子公司,8
输入,8
清算,8
Elasticsearch,8
春节,8
DataStage,8
仓库,8
广告公司,8
外部环境,8
登录,8
代,8
对账,8
伟大,8
能源,8
员工福利,8
家庭,8
共同完成,8
最有,8
楼,8
质地,8
知道,8
数据安全,8
保,8
导师,8
网页,8
导师制,8
ixiaochuan,8
200,8
点及,8
操作能力,7
观测,7
电话,7
邮件,7
三方,7
自学能力,7
概率论,7
期货,7
并发,7
上升期,7
借助,7
并行,7
基本工资,7
QQ,7
cognos,7
额度,7
DSP,7
应用层,7
实时处理,7
含义,7
亮点,7
面向对象,7
快递,7
供给,7
局限性,7
价值观,7
谈判,7
Impala,7
城市规划,7
特征分析,7
灵敏,7
观念,7
调度,7
关系数据库,7
应,7
比赛,7
签订,7
广告创意,7
测评,7
职业规划,7
总结经验,7
板块,7
财务数据,7
运力,7
Familiar,7
最合适,7
Support,7
新增,7
Facebook,7
Mahout,7
附近,7
股份,7
年终奖金,7
信息流,7
渴望,7
电视,7
required,7
战略目标,7
检索,7
下列,7
文献,7
奢侈品,7
思考问题,7
商科,7
复核,7
校招,7
名,7
及大,7
须,7
住房,7
独立自主,7
推理,7
一经,7
充分利用,7
B座,7
js,7
理性,7
对口,7
之外,7
出游,7
达到目标,7
working,7
宏,7
strong,7
05,7
宽松,7
Business,7
by,7
设计方案,7
发展期,7
寸,7
修复,7
Weka,7
嗨,7
Growth,7
美团,7
飞速发展,7
强者,7
八小时,7
DAU,7
敏锐性,7
地为,7
神策,7
强调,7
电影院,7
常规性,7
无限量,7
多维分析,7
设有,7
制订,7
页,7
16,7
消费品,7
战略重点,7
财务管理,7
信息检索,7
点评,7
友盟,7
信托,7
段,7
数据完整性,7
SSIS,7
weka,7
公司地址,7
流失率,7
淘宝,7
话,7
出国,7
reports,7
手机游戏,7
skill,7
体育,7
整改,7
视,7
3K,7
流行,7
班车,7
为加,7
Team,7
四川省,7
Database,7
年终,7
熟知,7
品质,7
首批,7
直属,7
项目前期,7
名校,7
familiar,7
入,7
兴趣浓厚,7
均值,7
面议,7
有趣,7
金融信息,7
全过程,7
不间断,7
HR,7
kpi,7
independently,7
公交,7
JD,7
成都市,7
少,7
力量,7
visualization,7
路口,7
准时,7
statistical,7
图像,7
测试数据,7
原始,7
deliver,7
提前,7
十分,7
年会,7
help,7
基础设施,7
月薪,7
导入,7
提数,7
案件,7
营运,7
上下游,7
给与,7
业务知识,7
经验丰富,7
能用,7
二手车,7
体系结构,7
调,7
复制,7
流式,7
推送,7
好学,7
起来,7
耐,7
师,7
25,7
甄别,7
ORACLE,7
积分,7
提醒,7
OLAP,7
对象,7
拉取,7
用以,7
多方面,7
模式识别,7
精益求精,7
积极探索,7
统计算法,7
贝壳,7
让你在,7
朝阳区,7
○,7
斯坦福,6
CDN,6
地域,6
办法,6
大神,6
owner,6
Strong,6
总结报告,6
触发,6
自控,6
浏览,6
performance,6
买家,6
数学知识,6
computer,6
七险,6
300,6
咖,6
自律,6
回报,6
电力,6
外贸,6
SAP,6
网申,6
statistics,6
Project,6
P9,6
analyses,6
守信,6
when,6
财经,6
高峰,6
Flink,6
低于,6
全新,6
出境游,6
ArcGIS,6
选址,6
表达清晰,6
心,6
贴近,6
scala,6
读写,6
高手,6
言语,6
',6
两种,6
解决办法,6
投产,6
风格,6
帆软,6
sales,6
Sqlserver,6
basic,6
黑客,6
验收,6
开心,6
携,6
SQLServer,6
保质保量,6
结合实际,6
人才培养,6
向上,6
家属,6
预报,6
活力,6
批量,6
信念,6
SOP,6
谦虚,6
如能,6
仪表盘,6
6000,6
责任,6
市场需求,6
帮,6
建,6
不仅仅,6
传播学,6
nice,6
Management,6
玩命,6
存量,6
鼓励,6
聪明,6
以往,6
成绩,6
出众,6
所属,6
财政,6
充实,6
拆分,6
3.2,6
样式,6
并作,6
超市,6
预判性,6
ODPS,6
开启,6
财税,6
规范化,6
FineBI,6
charts,6
scikit,6
武侯区,6
贴心,6
班,6
财会,6
某一,6
趴,6
业务学习,6
地铁站,6
技术水平,6
各大,6
竞价,6
司机,6
敏锐度,6
leader,6
金额,6
网民,6
数据量,6
构成,6
不足,6
报销,6
频次,6
融合,6
排序,6
that,6
sklearn,6
总经理,6
一周,6
贴,6
company,6
rMBP,6
software,6
Learning,6
长,6
可读性,6
impala,6
science,6
字,6
孙悟空,6
升职,6
音乐,6
是否,6
在校,6
手工,6
Mathematics,6
下午,6
presto,6
>,6
灵活性,6
访谈,6
差异化,6
周五,6
硬件,6
界面,6
kafka,6
小游戏,6
房产,6
安全事件,6
ERP,6
公共卫生,6
备注,6
职场,6
助,6
教研,6
工伤,6
自信,6
能量,6
二级,6
橙,6
详情,6
CLV,6
强有力,6
端午节,6
一类,6
行动计划,6
进取,6
等待,6
逻辑关系,6
MDM,6
准入,6
80,6
极其,6
独立性,6
大陆,6
子女,6
report,6
突发,6
朴素,6
KNN,6
HC,6
P6,6
低息,6
申报,6
瑜伽,6
system,6
机组,6
辖,6
关键点,6
西路,6
南京,6
人生,6
相对,6
凝聚力,6
主体,6
论文,6
崇尚,6
Access,6
all,6
external,6
住宿,6
导航,6
中国银联,6
大众,6
大型项目,6
享,6
Dashboard,6
Go,6
lattebank,6
合作方,6
校园,6
新型,6
潜在用户,6
Means,6
OTA,6
Qlikview,6
乐趣,6
such,6
新浪,6
强度,6
大小,6
PCA,6
发明,6
打交道,6
your,6
高于,6
63,6
立足,6
谷歌,6
个性,6
变革,6
第一名,6
Have,6
CET,6
理科,6
联盟,6
operation,6
符合要求,6
预装,6
千万,6
命令,6
美妆,6
发扬,6
豪华,6
customer,6
装修,6
收录,6
五,6
JS,6
吃,6
领导力,6
online,6
金融服务,6
关键环节,6
管理工具,6
紧跟,6
完备,6
承办,6
攥,6
新房,6
宿舍,6
deep,6
about,6
77,6
航空,6
学业,6
公关,6
三轮,5
第一次,5
大数,5
成交量,5
明显,5
TensorFlow,5
数据库系统,5
支出,5
流,5
学术,5
壮大,5
消品,5
方差,5
强壮,5
人车,5
电子地图,5
Udesk,5
去年,5
链接,5
可疑,5
百货,5
例,5
CEO,5
想要,5
流动性,5
YiMBA,5
途,5
钱,5
Numpy,5
海内外,5
网络安全,5
大牌,5
速度,5
perl,5
书,5
AARRR,5
Ruby,5
POI,5
point,5
大学专科,5
....,5
窗景,5
研究课题,5
完美,5
壮观,5
沉稳,5
扁平,5
上海市,5
辅导,5
导出,5
独到,5
对冲,5
快播,5
BCG,5
Engineer,5
图像识别,5
漂亮,5
麦肯锡,5
远,5
成就,5
高等教育,5
广告学,5
redis,5
create,5
一对一,5
乒乓球,5
回顾,5
上述,5
普惠,5
全线产品,5
本科毕业,5
强劲,5
big,5
MY,5
依靠,5
it,5
飞,5
跨媒体,5
口碑,5
open,5
极具,5
思辨,5
极高,5
赢得,5
understanding,5
复用,5
空间数据,5
technical,5
自动,5
法学,5
销量,5
医药企业,5
决断,5
RTB,5
侧重,5
牵头,5
平衡,5
某项,5
声音,5
健全,5
推导,5
缺失,5
计划书,5
高新技术,5
招商银行,5
群硕,5
治疗,5
诊疗,5
loan,5
huanbei,5
拉新,5
现已,5
面市,5
精彩,5
广告主,5
拿铁智,5
详询,5
司官,5
国家级,5
改动,5
002027,5
概述,5
现实,5
借贷,5
招募,5
一句,5
持续增长,5
bash,5
奶粉,5
LBS,5
Streaming,5
疑问,5
树立,5
数禾,5
Kettle,5
股票代码,5
B2C,5
人工,5
人民币,5
execute,5
我国,5
猪场,5
平等,5
顺利,5
温暖,5
追溯,5
热衷于,5
金,5
知识点,5
链条,5
动力,5
繁杂,5
A座,5
短,5
Develop,5
前景,5
engineering,5
信贷政策,5
API,5
按量,5
信审,5
存档,5
极客,5
专业培训,5
前端开发,5
非技术,5
各级,5
XGBoost,5
坚实,5
诚邀,5
俱乐部,5
人际关系,5
物料,5
问题解答,5
紧密联系,5
特殊,5
套件,5
奶茶,5
partner,5
上传下达,5
09,5
受众,5
Communicate,5
主持,5
最优,5
中文,5
HiveQL,5
最具,5
xgboost,5
商品销售,5
Hql,5
政务,5
全程,5
销售额,5
优惠,5
quantitative,5
公共,5
problems,5
讲师,5
Mandarin,5
周年,5
创业精神,5
complex,5
NOSQL,5
倍,5
unix,5
into,5
缤纷,5
Intelligence,5
正则表达式,5
CTO,5
加盟,5
联动,5
杭州,5
车源,5
Dell,5
全站,5
猿,5
头脑灵活,5
选型,5
②,5
债券,5
观影,5
粘性,5
万达,5
位置,5
黏性,5
高新区,5
全额,5
①,5
理清,5
偏,5
观远,5
分类器,5
制,5
警觉性,5
切入点,5
实战,5
环保,5
设计模式,5
天全,5
单,5
轮休,5
mongoDB,5
控制策略,5
苹果,5
注册,5
C#,5
27,5
有限,5
这是,5
创作,5
后顾之忧,5
sources,5
least,5
具体分析,5
Statistics,5
关联性,5
淋浴,5
整体规划,5
成本费用,5
从业者,5
8000,5
另有,5
BIEE,5
理工,5
消费行为,5
华北,5
对全,5
现磨,5
2016,5
定性分析,5
2.5,5
美篇,5
２,5
＋,5
GrowingIO,5
趴体,5
权限,5
梦,5
格式,5
合理安排,5
尽快,5
优先级,5
达,5
windows,5
演进,5
复合,5
修正,5
My,5
level,5
限制,5
力强,5
产品部,5
劳动者,5
直观,5
流程图,5
资历,5
养老,5
科学性,5
饮品,5
随手,5
新闻学,5
一群,5
生物医学,5
人效,5
一支,5
数学方法,5
2.1,5
车贷,5
behavior,5
user,5
有力,5
地理位置,5
优越,5
秉持,5
换,5
Analysis,5
同等条件,5
演说,5
高频,5
responsible,5
严谨性,5
请勿,5
不良,5
programming,5
稽核,5
理顺,5
下班,5
逐渐,5
Demo,5
携带,5
占据,5
从大,5
other,5
别样,5
Eviews,5
添加,5
Modeler,5
经典,5
超长,5
监察,5
结构性,5
本科生,5
便捷性,5
折扣,5
教师,5
偏差,5
概要,5
对标,5
常用工具,5
command,5
LTV,5
进一步提高,5
hivesql,5
different,5
前面,5
吸收,5
讲,5
付出,5
中国区,5
Apple,5
外商投资,5
档案,5
楼宇,5
小贷,5
加工能力,5
口语,5
日周,5
运筹,5
线性代数,5
Gephi,5
齐全,5
很快,5
告诉,5
可能性,5
账单,5
防范,5
孵化,5
予以,5
足球,5
适合,5
亲和力,5
实用性,5
ElasticSearch,5
期金米,5
方对,5
高阶,5
第十八,5
洞悉,5
合约,5
小红花,5
遵守,5
17,5
记账,5
选取,5
加载,5
攻击,5
比例,5
上司,5
QUANVERT,5
忠诚度,5
多多,5
奖惩,5
Kylin,5
温馨,5
实验室,5
亿计,5
iPad,5
06,5
周一,5
交出,5
绝对,5
股权,5
及时处理,5
要领,5
通知,5
各个部门,5
唯一,5
暂时,5
制造业,5
图形,5
交易系统,5
市调,5
任务调度,5
数据流,5
蒲公英奖,5
精细,5
决策性,5
捕获,5
察觉,5
花茶,4
人士,4
终身,4
多样,4
沟通了解,4
机器人,4
双,4
祝福,4
休闲,4
时序,4
划分,4
一套,4
龙头企业,4
高科技,4
愉快,4
微波炉,4
冰箱,4
卫生,4
口腔,4
有用,4
轮,4
礼,4
餐厅,4
节,4
提示,4
市场部,4
高温,4
能为,4
性质,4
公共安全,4
预后,4
猫,4
确立,4
网游,4
行政,4
quick,4
creative,4
玩,4
开发新,4
快捷,4
self,4
额外,4
人际交往,4
清华,4
大中型,4
17,4
区,4
面谈,4
各条,4
shiny,4
利率,4
多样化,4
demonstrated,4
产业园,4
全球化,4
Sense,4
consulting,4
聚焦,4
业态,4
开创,4
新兴,4
参考性,4
携手,4
高压,4
同业,4
kylin,4
公共关系,4
管理水平,4
热忱,4
php,4
活泼,4
产品质量,4
交际,4
Omniture,4
两个,4
全行,4
relevant,4
逼,4
using,4
系统优化,4
借款,4
Computer,4
重点高校,4
如聚类,4
米,4
图书,4
products,4
kettle,4
工科,4
发展潜力,4
功能分析,4
重构,4
短时间,4
flow,4
玩吧,4
Major,4
富于,4
easy,4
Responsible,4
900,4
1800,4
财务指标,4
爱好,4
D,4
作,4
100,4
query,4
B2B,4
金融业,4
周边,4
通报,4
多条,4
蓝海,4
要点,4
软件平台,4
软,4
under,4
创新型,4
民航,4
初创,4
命题,4
保存,4
看数,4
艰苦奋斗,4
ACCESS,4
税务,4
研判,4
thinking,4
欢乐,4
取,4
网络分析,4
高水平,4
You,4
Scikit,4
1.2,4
Druid,4
天府,4
G,4
P2P,4
保险产品,4
兼职,4
SOHO,4
verbal,4
宣讲,4
◆,4
行业资讯,4
brain,4
Lab,4
节约,4
下载,4
乱七八糟,4
财富,4
Presto,4
drive,4
增值,4
方便,4
软件技术,4
专长,4
地理信息系统,4
trends,4
量,4
within,4
负,4
3000,4
继续,4
小额贷款,4
成可,4
居住证,4
powerpoint,4
充分发挥,4
改版,4
喜爱,4
通,4
招,4
图文,4
换位,4
门票,4
碰到,4
强且,4
T,4
物,4
engagements,4
网络科技,4
多年,4
考勤,4
食堂,4
碰撞,4
Required,4
Javascript,4
processes,4
回测,4
超,4
以内,4
收获,4
前置,4
technologies,4
information,4
持续性,4
中所出,4
早九晚,4
实用,4
税前,4
图标,4
录取,4
增效,4
查看,4
易用性,4
正确性,4
大局观,4
杀,4
狼人,4
往大,4
休假,4
科,4
世外桃源,4
1418,4
执着,4
纠正错误,4
交付使用,4
通信工程,4
策略性,4
越来越,4
emerging,4
更是,4
面,4
clients,4
微,4
prototype,4
基本功,4
担心,4
动因,4
最近,4
风险投资,4
经管,4
nlp,4
At,4
批判,4
逗,4
阐述,4
女,4
更大,4
时刻,4
mining,4
精益,4
deliverables,4
服从,4
review,4
CSS,4
高效率,4
Stata,4
must,4
四年,4
池,4
大宗,4
produce,4
机械,4
请求,4
Github,4
搜集整理,4
影视剧,4
素材,4
NoSql,4
invoice,4
迁移,4
关心,4
HTK,4
建筑,4
外包,4
error,4
钻展,4
直通车,4
养老保险,4
新乐,4
工伤保险,4
行为表现,4
信息学,4
ML,4
Degree,4
汽车网,4
etl,4
触觉,4
生态系统,4
奖项,4
同理,4
实作,4
货品,4
考试,4
某种,4
电影,4
make,4
真格,4
Report,4
Analyst,4
improvement,4
ensure,4
热烈欢迎,4
中秋,4
steps,4
Fine,4
自助式,4
Manage,4
名单,4
等级,4
电力行业,4
大闹天宫,4
紧邻,4
取经,4
反复,4
JMP,4
回收,4
探讨,4
Knowledge,4
药学,4
高薪,4
拘泥于,4
各种渠道,4
leading,4
扩充,4
规格,4
促活,4
5000,4
占,4
驻场,4
重,4
本行业,4
一面,4
context,4
接收,4
图形界面,4
优缺点,4
|,4
优劣,4
利益,4
最后,4
Ability,4
类目,4
备案,4
～,4
MQ,4
教育领域,4
capability,4
人事,4
石牌,4
雇主,4
规模化,4
PV,4
支,4
UV,4
意向,4
交待,4
新一代,4
使命,4
地产,4
顺利进行,4
电视剧,4
行而,4
上午,4
中型,4
决策问题,4
ex,4
商学院,4
民治,4
提报,4
As,4
accounting,4
小型,4
同类,4
ABC,4
关,4
明细,4
旺旺,4
广点通,4
欲,4
零散,4
定期检验,4
Map,4
19,4
维持,4
22,4
无需,4
自我管理,4
开拓精神,4
多线程,4
立足于,4
决策分析,4
BAT,4
紧密结合,4
布局,4
头部,4
国双,4
呼叫,4
3.1,4
积极性,4
整套,4
外勤,4
EXCLE,4
Reduce,4
无法,4
时效,4
家政,4
亿万,4
广大,4
X,4
才华,4
尊重,4
热门,4
选,4
modeler,4
表等,4
上层,4
CFA,4
早餐,4
平安,4
按期,4
table,4
水,4
车管,4
书写能力,4
文件,4
BOM,4
调用,4
牌照,4
售卖,4
报警,4
示范,4
tasks,4
出海,4
party,4
肯,4
多种形式,4
HiveSQL,4
家电,4
稳健,4
编译,4
语料,4
Conduct,4
蛛丝马迹,4
HSQL,4
能以,4
PBL,4
hoc,4
Problem,4
模块化,4
Based,4
Excellent,4
涉外经济,4
合规,4
optimization,4
主轴,4
南山区,4
教授,4
Ad,4
租户,4
开发进度,4
严格,4
挖开,4
人数,4
晋阶,4
高达,4
事假,4
Analytical,4
also,4
变成,4
版权,4
we,4
solve,4
监播,4
结构设计,4
勤奋好学,4
技术性,4
运行机制,4
China,4
宽表,4
肥宅,4
多劳多得,4
能者多劳,4
听懂,4
播放,4
脑洞,4
保险公司,4
WEB,4
实体,4
中立,4
MLlib,4
隶属于,4
对用,4
已获,4
原,4
技术骨干,4
抱,4
首,4
warehouse,4
用户线,4
lead,4
化学,4
入门,4
银行业,4
还款,4
K12,4
命名,4
IBM,4
kaggle,4
化妆品,4
降维,4
取得,4
自助,4
网络媒介,4
运算,4
自学,4
特质,4
路径分析,4
倾向,4
晋升制度,4
Acess,4
大胆,4
格局,4
内有,4
远程,4
环球,4
度量,4
上下班,4
工,4
全员,4
类别,4
态度端正,4
外向,4
调休,4
服装,4
分钟,4
PRD,4
百万,4
团结,4
真诚,4
防,4
服务体系,4
开放平台,4
营销策划,4
审查,4
良性,4
涵盖,4
资料库,4
水准,4
管理机制,4
排除,4
三餐,4
RNN,3
ES,3
买,3
频繁,3
列表,3
马蜂窝,3
作战,3
对话,3
大家庭,3
微观,3
高额,3
干预,3
短信,3
数据线,3
联系人,3
租赁,3
跟随,3
实习期,3
晚,3
跨界,3
众包,3
相同,3
Logstash,3
打分,3
SAAS,3
大区,3
关键字,3
日渐,3
阈值,3
传递信息,3
洞,3
科目,3
成本核算,3
恰当,3
Bing,3
频率,3
拖延,3
备货,3
粘度,3
学到,3
Spring,3
滚动,3
发生变化,3
国家标准,3
辩论,3
以外,3
调妍,3
检核,3
立志,3
Scientist,3
相关联,3
年度预算,3
matplotlib,3
有无,3
特色,3
根源,3
向量,3
交由,3
落,3
AWS,3
注,3
虚拟,3
NLTK,3
power,3
精美,3
OTT,3
分组,3
日常性,3
Design,3
进阶,3
起草,3
韩国,3
有序,3
TOP,3
MVP,3
话费,3
看板,3
异地,3
技术难题,3
拉,3
高可用性,3
控制能力,3
减少,3
涨薪,3
锻炼,3
Hdfs,3
舆论,3
新东方,3
regression,3
一致性,3
以此,3
研究员,3
第一家,3
设施,3
根本,3
不用,3
BU,3
人品,3
端正,3
实践者,3
单身,3
奉献精神,3
大屏,3
基本技能,3
触达,3
outstanding,3
成功实践,3
握,3
Search,3
Elastic,3
停车,3
Proficiency,3
高颜值,3
婚,3
同样,3
余,3
损益,3
top,3
帅哥,3
结案,3
取得成功,3
monitor,3
栈,3
业,3
Vintage,3
CPA,3
家居,3
年轻化,3
轰,3
客流,3
吃喝玩乐,3
送,3
歌,3
经费,3
股民,3
男,3
施展,3
IP,3
传奇,3
开拓性,3
办公区,3
IO,3
台,3
google,3
仔细认真,3
积极进取,3
健康状况,3
日本,3
SaaS,3
日期,3
各线,3
改善服务,3
安装,3
商品化,3
技术规范,3
有云,3
法,3
db2,3
工作人员,3
还原,3
产业链,3
察觉到,3
工作餐,3
季节,3
Caffe,3
systems,3
手册,3
皮实,3
building,3
年休假,3
财务报表,3
密切联系,3
through,3
oral,3
儿童节,3
passionate,3
上盖,3
WPS,3
结合点,3
直觉,3
抽象思维,3
全网,3
desktop,3
调优及,3
小吃,3
行程,3
processing,3
92,3
member,3
花钱,3
舍得,3
尽量,3
信心,3
一本,3
计算机操作,3
裁判,3
审美,3
clementine,3
纳入,3
issues,3
EAD,3
名企,3
公文,3
谱,3
只会,3
拼,3
③,3
重复性,3
中国联通,3
农产品,3
运行状况,3
TB,3
滴,3
best,3
相当,3
硕,3
牛,3
olap,3
之家,3
运营部,3
质控,3
学习者,3
应收,3
大幅,3
服务行业,3
新鲜,3
现金流,3
同等,3
大大的,3
SASS,3
保持良好,3
钱途,3
SHELL,3
坏账,3
学院,3
知识结构,3
文书,3
日制,3
不了,3
上传,3
保险行业,3
按质,3
上游,3
Mongodb,3
文体活动,3
服务器端,3
有数,3
简化,3
论坛,3
基数,3
各个领域,3
更高,3
规范性,3
历史,3
基本操作,3
地理,3
投研,3
百观,3
慰问金,3
成交,3
即时,3
大礼包,3
话题,3
陌陌,3
生日礼品,3
high,3
仅,3
星巴克,3
竞标,3
影院,3
旗舰店,3
股东,3
成型,3
工龄,3
理想,3
三个,3
HIS,3
预,3
肆意,3
做到,3
归类,3
累计,3
配套,3
人物,3
新颖,3
千人,3
do,3
便捷,3
深入浅出,3
先河,3
99,3
2007,3
4.3,3
操作手册,3
mapping,3
总,3
not,3
集中,3
勤于思考,3
盈利性,3
卖点,3
kMeans,3
新品,3
技术手段,3
车辆,3
用户端,3
１,3
有心,3
用心,3
采销,3
分布式应用,3
参于,3
精确化,3
博士后,3
CAC,3
事后,3
温和,3
o2o,3
精度,3
总价值,3
故事,3
中间层,3
LINUX,3
道,3
信号处理,3
透明度,3
战略思维,3
MOOC,3
秀,3
一颗,3
始终,3
不够,3
探寻,3
对线,3
所得税,3
一体化,3
language,3
芯片,3
高通量,3
Golang,3
太,3
but,3
看点,3
VLOOKUP,3
github,3
蓝图,3
趣,3
nodejs,3
cube,3
爬取,3
maintenance,3
印橙,3
做大,3
xml,3
上交,3
管理员,3
交易所,3
校对,3
四川,3
极,3
起到,3
昆仑,3
保护,3
哥哥,3
各种类型,3
计量学,3
另加,3
使命感,3
Qlik,3
数学系,3
司法考试,3
我司,3
非正常,3
Type,3
reinforcement,3
医疗险,3
号楼,3
拟合,3
道德心,3
Improve,3
对主,3
time,3
新思路,3
扎根,3
独角兽,3
合伙人,3
大奖,3
Jupyter,3
拍,3
竟品,3
指出,3
朝气,3
ggplot2,3
GoogleAnalyticss,3
厦门,3
科学决策,3
生意,3
经管类,3
或小微,3
回答,3
implementation,3
战斗力,3
对抗,3
计费,3
RFM,3
有风控,3
未,3
would,3
数模,3
means,3
k,3
this,3
畅想,3
练,3
独到见解,3
签约,3
时空,3
熟练者,3
在内,3
Science,3
拍卖,3
professional,3
行业标准,3
竞技,3
生产工艺,3
机密,3
严守,3
seaborn,3
下属,3
计算能力,3
测试报告,3
卫生统计,3
map,3
趣味,3
reduce,3
eg,3
各组,3
转变,3
expertise,3
直销,3
solving,3
圣诞节,3
测绘,3
3.3,3
AppStore,3
creatively,3
排行榜,3
好奇,3
平均,3
隐患,3
跑,3
小红书,3
problem,3
工信部,3
1.5,3
以供,3
市场行情,3
outing,3
Top15,3
引领者,3
华泰,3
Pathon,3
幼教,3
advertising,3
动态数据,3
大学生,3
PB,3
千亿,3
穿戴,3
每季度,3
一方,3
债券市场,3
功能测试,3
个人信用,3
适时,3
已达,3
新锐,3
SPASS,3
桥,3
组长,3
客,3
Datahoop,3
信息处理,3
亚太区,3
PD,3
蔚游,3
专职,3
带给,3
零售业,3
photoshop,3
task,3
条件者,3
采买,3
CRO,3
成都,3
CC,3
要素,3
兼容性,3
得以,3
clustering,3
汇聚,3
environment,3
客服部,3
英雄,3
一目了然,3
督促,3
风电,3
最高,3
投诉,3
终端产品,3
端午,3
Mobile,3
Display,3
政治,3
具体情况,3
idea,3
排版,3
融洽,3
电,3
对非,3
明白,3
ELK,3
理学,3
几项,3
model,3
科研项目,3
沉默,3
多屏,3
大本营,3
暴走,3
Neo4j,3
金牌,3
启动,3
超越,3
病历,3
更正,3
营造,3
衔接,3
21,3
东大桥,3
射击,3
原则性,3
tensorflow,3
LSTM,3
数通,3
经营策略,3
早,3
冠名,3
强自,3
快报,3
PandaKill,3
驱力,3
业绩考核,3
控件,3
理,3
Establish,3
major,3
贸易,3
跨屏,3
一同,3
空气质量,3
品种,3
methods,3
迅猛,3
practice,3
运维及,3
platform,3
dashboard,3
based,3
全天候,3
广发卡,3
图片,3
江虹,3
拍摄,3
账务,3
source,3
139,3
之选,3
月底,3
175,3
青睐,3
930,3
消化,3
点击率,3
系统地,3
广东,3
120,3
领悟,3
Cache,3
形势,3
决策者,3
UU,3
及风控,3
信令,3
sound,3
负责管理,3
量级,3
中学生,3
MRD,3
即将,3
管家,3
功能模块,3
珠江,3
making,3
航班,3
Abtest,3
创立,3
Self,3
城,3
TABLEAU,3
飞行,3
天河路,3
飞是,3
主笔,3
Outlook,3
日均,3
SERVER,3
S1,3
Test,3
保质,3
全量,3
不停,3
进步,3
奋斗,3
仔细,3
贵阳,3
承压,3
局限于,3
基地,3
内部人员,3
同期,3
旅客,3
基础理论,3
解,3
意图,3
好后,3
right,3
明星,3
风潮,3
电竞,3
道路,3
扩张,3
加盟商,3
相,3
图示,3
现行,3
老师,3
洞查,3
tool,3
透析,3
HTML,3
hypotheses,3
用车,3
交通运输,3
pressure,3
Education,3
OPPO,3
情感,3
机票,3
conclusions,3
impact,3
时事,3
13,3
佐证,3
相机,3
全天,3
rate,3
延伸,3
develop,3
有泛,3
conversion,3
货,3
单车,3
Macro,3
mathematics,3
抽检,3
贝贝,3
people,3
英语口语,3
因子,3
用户数量,3
传递,3
领导者,3
具体实施,3
machine,3
密切配合,3
especially,3
不确定性,3
操作技能,3
Qualifications,3
优异者,3
strategies,3
audiences,3
COM,3
架构师,3
like,3
tracking,3
economics,3
decision,3
主题性,3
Finance,3
庞大,3
检视,3
商业伙伴,3
improve,3
委外,3
排班,3
保障体系,3
有薪,3
只为,3
Language,3
pipeline,3
诸多,3
居理,3
工作日,3
mathematical,3
愉悦,3
教,3
Fluent,3
高维,3
精算,3
全套,3
腐败,3
专研,3
预计,3
拒绝,3
门户,3
悟性,3
无障碍,3
中长期,3
直卖,3
ongoing,3
舞蹈班,3
design,3
筷子,3
房,3
Provide,3
迎接挑战,3
基本思路,3
纠正,3
actions,3
全勤,3
users,3
preferably,3
Mastering,3
provide,3
快线,3
读取,3
partners,3
赋予,3
公交站,3
预定,3
管理局,3
艺术,3
实用信息,3
学习业务,3
调试,3
物理学,3
业务部,3
三种,3
multiple,3
复杂性,3
线路,3
双重,3
流程化,3
key,3
指数,3
意见建议,3
商业信息,3
质量检查,3
加深,3
去除,3
视图,3
留,3
双薪,3
限度,3
内容分析,3
end,3
朝阳,3
最快,3
40,3
坚信,3
requirement,3
timely,3
Udacity,3
区内,3
247tickets,3
尽情,3
23,3
佣金,3
核实,3
付款,3
下发,3
管理部,3
Point,3
Able,3
solutions,3
街,3
荔湾区,3
recommendations,3
单元,3
掌控,3
社团活动,2
IDG,2
从业人员,2
指令,2
※,2
男女搭配,2
motivated,2
Qilkview,2
适应性,2
尾牙,2
暴力,2
往来,2
campaigns,2
行,2
黄,2
干活不累,2
贴车,2
费率,2
Rattle,2
现状及,2
领导层,2
金沙滩,2
SDK,2
塑造,2
驾驭能力,2
debug,2
VeeR,2
亲属,2
出色完成,2
靠近,2
半月,2
Lead,2
小额,2
大明湖,2
分散,2
故宫,2
axure,2
activities,2
重样,2
player,2
著名景点,2
久,2
ms,2
症,2
海龟,2
上网,2
女性,2
场,2
三八节,2
成份,2
欲强,2
campaign,2
今日毕,2
program,2
浮躁,2
女同胞,2
plyr,2
需会,2
晚期,2
构造,2
患者,2
境外,2
股份公司,2
有份,2
情报研究,2
Must,2
喊,2
洽谈,2
点饭,2
步行,2
友好,2
父母亲,2
撮合,2
善良,2
适用范围,2
墨刀者,2
绕道,2
兼具,2
侦探,2
智囊,2
运输,2
烧烤,2
=,2
工具集,2
measurement,2
及数,2
下达,2
逻辑联系,2
卧底,2
不必,2
可谈,2
抓,2
超额完成,2
learner,2
挽留,2
99,2
管理效率,2
游等,2
前辈,2
福田区,2
Expertise,2
运价,2
offline,2
金融保险,2
多种语言,2
科学技术,2
F,2
manage,2
亲自,2
中关村,2
责,2
wps,2
初中级,2
极好,2
visual,2
象限,2
详细分析,2
诚招,2
商业行为,2
乐其,2
诞生,2
ENVI,2
传导,2
３,2
西雅图,2
large,2
应用性,2
拟写,2
长期实践,2
保险业务,2
４,2
货需,2
资源分配,2
卡方,2
多人,2
DCOM,2
述职,2
commerce,2
2012,2
试题,2
rgl,2
Leader,2
美丽,2
软件系统,2
catch,2
quantmod,2
流水,2
布置,2
Adwords,2
频度,2
财神,2
主营业务,2
制表,2
需求预测,2
市场竞争,2
BP,2
IDE,2
经常性,2
hdfs,2
‘,2
旨在,2
BUG,2
核心成员,2
notebook,2
FRM,2
ActiveX,2
50%,2
交互式,2
studio,2
始终保持,2
自行,2
掌酷,2
最富,2
直面,2
抽奖,2
J1,2
透明,2
抽查,2
济南市,2
挽回,2
望京,2
主导产品,2
ER,2
送上,2
ERDAS,2
改变现状,2
视觉,2
寿星,2
用餐,2
事务性,2
错误,2
维云易商,2
淘米,2
set,2
个人成长,2
零到,2
汇集,2
项目风险,2
节目,2
前来,2
封顶,2
真话,2
路线图,2
忽悠,2
打车,2
投身,2
2013,2
工程项目,2
请假,2
就近,2
A3,2
IDL,2
enhance,2
universe,2
热点问题,2
必不可少,2
模糊,2
人机交互,2
application,2
hacking,2
Advocate,2
内涵,2
权威,2
0.5,2
Cohort,2
探查,2
H,2
拥抱,2
内存,2
PCI,2
疑难问题,2
5K,2
市中区,2
可行性研究,2
收益率,2
meeting,2
1708,2
Consumers,2
神秘,2
特征选择,2
数据分布,2
肯学,2
异业,2
jupyter,2
market,2
吸引力,2
Jvm,2
Profile,2
formattable,2
广,2
给付,2
货币,2
findings,2
presentations,2
日活,2
各向,2
Interpret,2
热诚,2
平均年龄,2
personal,2
Generate,2
achieve,2
handle,2
有利于,2
mindset,2
收视率,2
生产流程,2
Build,2
等级制度,2
定点,2
桌面,2
proposals,2
签约率,2
components,2
reviews,2
智库,2
integrity,2
管理所,2
initiatives,2
过泛,2
audit,2
efficiency,2
supervision,2
minimal,2
播出,2
ownership,2
建构,2
遍布,2
multi,2
虎,2
Master,2
亿美元,2
课网,2
sence,2
need,2
治学,2
What,2
manner,2
激励机制,2
free,2
fast,2
Siebel,2
huke88,2
科学分析,2
efficient,2
高管层,2
供需平衡,2
冒险,2
常用软件,2
信用贷款,2
博士学位,2
attention,2
closely,2
cleaning,2
detail,2
为本,2
势态,2
packages,2
oriented,2
agency,2
mind,2
correlations,2
Tool,2
戏剧,2
多方,2
uncover,2
patterns,2
时时,2
职级,2
entire,2
LOL,2
建议性,2
Innovation,2
measurable,2
根因,2
cost,2
观光,2
traffic,2
segmentation,2
告警,2
chain,2
好玩,2
Longbow,2
超酷,2
建档,2
力及,2
精确性,2
外国,2
latest,2
英国,2
leveraging,2
放款,2
needs,2
advise,2
understand,2
步骤,2
百亿,2
appropriate,2
definition,2
approaches,2
interpretation,2
alternate,2
跨步,2
科研机构,2
时间表,2
特殊任务,2
Recommend,2
扩宽,2
economic,2
低维,2
spl,2
渗透,2
identify,2
接线,2
即刻,2
社会科学,2
fix,2
GIS,2
服务端,2
竞,2
对电,2
specific,2
员,2
relating,2
定义数据,2
皆,2
daily,2
距离,2
derived,2
饭,2
Bilingual,2
Has,2
balance,2
博客,2
答案,2
时趣,2
left,2
Basic,2
长期趋势,2
寻找机会,2
Microsoft,2
首页,2
较高级,2
前台,2
天花板,2
MOBA,2
guidance,2
ask,2
携程,2
knowing,2
跨学科,2
combined,2
非专业,2
judgment,2
Possesses,2
招生,2
helping,2
改革,2
迎来,2
抓手,2
连接,2
尖端,2
vlookup,2
惯常,2
简洁明了,2
logical,2
四大,2
3.5,2
切入,2
departments,2
发觉,2
主页,2
page,2
engagement,2
单价,2
天池,2
条,2
git,2
Quick,2
英语六级,2
CET6,2
Mlib,2
Lenovo,2
积极响应,2
lattedata,2
所需,2
相互,2
feature,2
物流配送,2
加以分析,2
融,2
社会动态,2
少儿,2
即享,2
查错,2
反哺,2
mistakes,2
starter,2
ChartIO,2
active,2
particularly,2
x,2
统计图,2
Xgboost,2
赛事,2
Video,2
队伍,2
课程体系,2
选手,2
research,2
直至,2
计算机行业,2
If,2
客源,2
algorithms,2
tree,2
neural,2
image,2
risk,2
highly,2
工具包,2
appreciated,2
样本量,2
hands,2
方位,2
呈报,2
others,2
grow,2
制式,2
服务态度,2
流通,2
approach,2
数据项,2
英语水平,2
大赛,2
春秋,2
高标准,2
roadmap,2
各种各样,2
事物本质,2
structures,2
端倪,2
务必,2
麦当劳,2
strategically,2
think,2
投资者,2
Demonstrated,2
天使,2
up,2
深耕,2
pick,2
Passionate,2
手,2
important,2
资源管理,2
题材,2
统计师,2
passion,2
mySQL,2
Programmer,2
another,2
临床试验,2
多方位,2
conducting,2
capabilities,2
experiment,2
Innovate,2
报价,2
游族,2
千图,2
减轻,2
工作进度,2
索引,2
查重,2
计算方法,2
西游记,2
锐意,2
紧急,2
调节,2
门槛,2
类有,2
vintage,2
i,2
手法,2
缺点,2
风控点,2
并行处理,2
公司业绩,2
促动,2
ii,2
到达,2
气象,2
实力,2
选题,2
矩阵,2
定薪,2
iii,2
非凡,2
拼团,2
责任人,2
迁徙,2
路站,2
严格执行,2
高盛,2
饱满,2
门户网站,2
个案研究,2
中以,2
huanbeiloan,2
求知,2
网络平台,2
一级,2
高速成长,2
黑产,2
恶意,2
JavaScript,2
数加,2
对照,2
设计规划,2
硬性,2
情报分析,2
机较,2
有五险,2
颗粒,2
Web,2
坐标,2
坐落,2
程式,2
预存,2
高端,2
自主性,2
文娱,2
汇整,2
切身感受,2
STATA,2
走,2
稳居,2
购物篮,2
News,2
业务组,2
汇评,2
体,2
在读,2
临床医学,2
没事,2
够花,2
有高有低,2
薪水,2
WEKA,2
战斗,2
青岛,2
演绎,2
印度,2
爽,2
纂,2
停不下来,2
验,2
2008,2
上百人,2
称兄道弟,2
v,2
勾肩搭背,2
遍地,2
车房,2
奢侈,2
focus,2
主人公,2
静下心来,2
iv,2
幸福感,2
组员,2
跟着,2
老是,2
D3,2
工作量,2
玉帝,2
打工,2
出力,2
Plus,2
信息工程,2
赴,2
西天,2
个个,2
看成,2
小小,2
螺丝钉,2
明争暗斗,2
停留,2
硝烟,2
战场,2
厮杀,2
人情味儿,2
在校生,2
学术论文,2
信号,2
志趣,2
权益,2
streaming,2
hr,2
woyaodangyaoguai,2
人有,2
自由空间,2
WebGIS,2
市场营销部,2
1730,2
回访,2
双证,2
基建,2
贷中及,2
thinker,2
定期检查,2
Through,2
身份,2
消息,2
层层,2
Node,2
javascript,2
注释,2
Growing,2
academic,2
消金,2
We,2
自发,2
Global,2
总代,2
日用品,2
多数,2
Comprehensive,2
随餐,2
程序设计,2
车型,2
Strategist,2
调查报告,2
销售业务,2
LOVCAT,2
Deployment,2
附带,2
职务,2
中坚力量,2
心理素质,2
噌,2
两步,2
吃饭,2
喝茶,2
羡煞,2
上架,2
乘客,2
损耗,2
一大,2
高管,2
地盘,2
一不小心,2
reliable,2
universities,2
及报,2
sciences,2
下单,2
无限,2
competitive,2
一丝不苟,2
selection,2
achieved,2
个人消费,2
出格,2
mobile,2
资金流,2
处罚,2
神经元网络,2
自然,2
Pig,2
数据检索,2
searching,2
新浪网,2
美图秀,2
保证系统,2
律所,2
周六日,2
MIS,2
积极参与,2
COGNOS,2
数据传输,2
CDH,2
干练,2
法院,2
重疾,2
意外保险,2
json,2
衍生品,2
标的,2
sqoop,2
zookeeper,2
及能,2
informatica,2
眼界,2
系统实施,2
工作汇报,2
Query,2
账款,2
计算机网络,2
资格证,2
以日,2
表达力,2
通常,2
异常现象,2
音频,2
Sqoop,2
logistic,2
线别,2
SUMIF,2
Apache,2
Mac,2
search,2
计划表,2
Some,2
战情,2
Kibana,2
开发技术,2
Machine,2
植入,2
注意,2
纳税,2
大部分,2
较完整,2
每次,2
库包,2
半年度,2
SSAS,2
用法,2
编制工作,2
权责,2
实际效果,2
上化,2
来电,2
用户群,2
中国移动,2
合并,2
因该,2
xpath,2
独当一面,2
整,2
活泼开朗,2
maintain,2
职业生涯,2
一亿,2
笔,2
金融资产,2
市场占有率,2
杂乱,2
小视频,2
HADOOP,2
扶持,2
照顾,2
一个月,2
一金及,2
大润发,2
华南区,2
老中医,2
Platform,2
庆,2
中山大学,2
待定,2
下旬,2
配有,2
户外活动,2
490,2
职后,2
技术培训,2
为准,2
聘用,2
解决目前,2
自由度,2
收益分配,2
冷静,2
外出,2
农,2
壬丰,2
商行,2
华南,2
众安,2
华润,2
Sas,2
持牌,2
争创,2
网络资源,2
认定,2
双软,2
1900,2
新动向,2
D座,2
属,2
数码,2
朝外,2
中介,2
派发,2
避开,2
早上,2
发卡,2
0827,2
排期,2
语言文字,2
网盟,2
VB,2
编程技术,2
大批量,2
逐步完善,2
大气,2
司龄,2
关联方,2
CMMI,2
购车,2
三级,2
ISO9001,2
宣讲会,2
时段,2
各地,2
折,2
生产者,2
CBD,2
市值,2
迟到,2
振动,2
浮动,2
荣笑,2
起点,2
31,2
全市,2
畅通,2
层次化,2
看待,2
相符,2
名称,2
可口,2
操作者,2
数据处理系统,2
东四,2
四合院,2
Postgres,2
现在,2
环境优美,2
东二环,2
点半,2
信保,2
每周五,2
奉行,2
平易近人,2
如有,2
行者,2
践,2
第一张,2
直客,2
Echarts,2
superset,2
底蕴,2
人均,2
聘请,2
管理模式,2
成本价,2
立场,2
WebTrends,2
查因,2
跳出,2
页数,2
postgresql,2
韧性,2
熟用,2
行为学,2
再次,2
基础性,2
打击,2
QA,2
切实,2
作弊者,2
差旅,2
生活化,2
手稿,2
complete,2
任性,2
专享,2
凡科人,2
着陆,2
司法,2
excellent,2
year,2
露营,2
有餐,2
育才,2
Flume,2
AR,2
大三,2
腾讯网,2
乘车,2
桥站,2
BRT,2
条理清楚,2
金主,2
溜溜,2
兴趣爱好,2
率先,2
市场化,2
利益驱动,2
民间,2
批准,2
央行,2
构想,2
第一批,2
获准,2
公正,2
任吃,2
坚守,2
flume,2
简称,2
ccxcredit,2
新片,2
位,2
七天,2
省内游,2
货款,2
一步,2
二次开发,2
保驾护航,2
presentation,2
translate,2
retail,2
中路,2
带队,2
bad,2
度假,2
学情,2
联想,2
理赔,2
听说,2
联合利华,2
商用,2
老,2
独自,2
吃苦,2
派驻,2
满足用户,2
acumen,2
Solid,2
谢谢,2
Duties,2
自编,2
会馆,2
一号,2
市直,2
芳村,2
38,2
专线,2
大学城,2
Analyze,2
background,2
position,2
assigned,2
full,2
responsibility,2
138,2
Skills,2
房贷,2
黄埔,2
同类产品,2
改良,2
5B2,2
半,2
咖啡厅,2
服务业,2
旗者,2
扛,2
广告业,2
省广,2
旅游团,2
3C,2
批判性,2
秒针,2
威胁,2
做主,2
趋势性,2
节庆,2
JA,2
陪伴,2
十三,2
经济效益,2
成功经验,2
品牌策略,2
发,2
4000,2
毕业证,2
店内,2
泛,2
林和西,2
召开,2
赢利性,2
工程建设,2
218,2
文本处理,2
门,2
词,2
回款,2
共创,2
相似,2
零钱,2
口袋,2
svm,2
动物,2
5A2,2
登记,2
游,2
总行,2
到位,2
天河,2
获,2
所长,2
动动,2
安全策略,2
低,2
汇编,2
一至,2
各式,2
南,2
产品库,2
责任意识,2
扩大,2
具较,2
若干种,2
劳效,2
周度,2
认真对待,2
专业学位,2
全包,2
中断,2
最少,2
关键技术,2
eNB,2
TA,2
口软采,2
口,2
MME,2
硬采,2
政企,2
告,2
陈述,2
社群,2
爬山,2
Minitab,2
基准,2
新城,2
鲁棒性,2
产品品质,2
T9,2
攻防,2
顶层,2
Key,2
总体,2
周转,2
分级,2
用例,2
正职,2
劳务,2
下游,2
身兼,2
纪念堂,2
调配,2
Propose,2
通情达理,2
terms,2
口才好,2
疗程,2
content,2
感性,2
理性分析,2
过大,2
实事求是,2
未知,2
逐层,2
生子,2
EDM,2
专业化,2
慰问,2
警示,2
梯队,2
钻,2
C2C,2
过硬,2
不惜代价,2
年度报告,2
访客,2
全店,2
千面,2
seo,2
专有,2
交易平台,2
心强,2
轮换,2
勒朗,2
技术细节,2
数倍,2
瑰宝,2
世纪,2
女神,2
情人节,2
腿软,2
浮现,2
火速,2
鱼线,2
腹肌,2
打野,2
游泳,2
撩汉,2
撩妹,2
释放,2
砖,2
搬,2
病案,2
一段时间,2
方在,2
成群结队,2
面目,2
慈善,2
祖国,2
市场预测,2
形象,2
滨江区,2
#####,2
杭州市,2
六级,2
风光,2
大好,2
领略,2
可脑,2
一夜,2
两天,2
兄妹,2
麦芒,2
蹂躏,2
慢镜头,2
奔跑,2
草泥马,2
淘系,2
商业广告,2
SSPS,2
埃森哲,2
媒体广告,2
用户数,2
SASR,2
小电,2
服饰,2
广告代理,2
全系,2
方向性,2
多位,2
挽,2
可供,2
香港,2
常态,2
设计师,2
迅雷,2
Bachelors,2
CHN,2
Location,2
维,2
TD,2
尽职,2
Nice,2
出境,2
程,2
双线,2
上升,2
记是,2
新贵,2
时长,2
国定,2
应有尽有,2
知乎,2
Mplus,2
mongodb,2
敢,2
办事处,2
本部,2
动态分析,2
同花顺,2
护理学,2
测试用例,2
最终用户,2
财务部门,2
沃,2
关系数据,2
POC,2
公链,2
书籍,2
南方电网,2
环球网,2
环球时报,2
钱包,2
沃百富,2
熟,2
联通,2
高阳,2
万维,2
红杉,2
2006,2
天下,2
信,2
Sqlsever,2
软件设计,2
存管,2
000,2
首家,2
indicators,2
Python3,2
口出,2
朝阳门,2
东城区,2
见证,2
B轮,2
spark3,2
银行业务,2
特有,2
Xmind,2
深掘,2
TTD,2
各项任务,2
经纬,2
万元,2
月活,2
计数,2
参与者,2
那种,2
密切协作,2
常规化,2
数统,2
简介,2
个体,2
网络结构,2
IM,2
OA,2
内风控,2
初中,2
金蝶,2
经验总结,2
会计制度,2
开票,2
周转率,2
1501,2
分词,2
摘要,2
1.985,2
多种手段,2
学位证,2
多源,2
烧钱,2
学者,2
##,2
因果关系,2
拉拉,2
浏览器,2
金服,2
ToB,2
iData,2
CNN,2
资产负债,2
学信,2
讲演,2
学士,2
财报,2
类新,2
非技术性,2
拖欠,2
Salesforce,2
网可查,2
名次,2
人机工程,2
学等,2
适度,2
A股,2
并购,2
部级,2
月份,2
Zeppelin,2
过用,2
找准,2
类群,2
运动会,2
落户,2
坦诚,2
兄弟,2
spring,2
产,2
流媒体,2
反刷单,2
刷单,2
01,2
谈,2
人文,2
91,2
店务,2
急速,2
法规,2
大局意识,2
boosting,2
ceo,2
hard,2
意外,2
适应力,2
蜂,2
互联网络,2
财务预算,2
错过,2
外汇,2
美女,2
爆米花,2
High,2
Party,2
点播,2
96,2
营,2
只能,2
Postgresql,2
风险意识,2
汽车产业,2
两,2
新能源,2
采取,2
借款人,2
完,2
数展,2
交易量,2
豁达,2
注册量,2
五号线,2
沙元浦,2
民康,2
311,2
向南,2
龙华区,2
受益,2
70,2
入口,2
发票,2
天天,2
发掘出,2
统计表,2
对云,2
接洽,2
Julia,2
群众,2
全景,2
问题所在,2
KLOOK,2
李开复,2
满意,2
点者,2
读书会,2
NewSQL,2
系统维护,2
铺设,2
副总裁,2
先生,2
滞销,2
住,2
通俗易懂,2
试卷,2
耗时,2
拉勾,2
德勤,2
美味,2
足额,2
给定,2
利用率,2
教育学,2
眼镜,2
全薪,2
颜色,2
标杆,2
GTM,2
Learn,2
ForecastStudio,2
VOC,2
茶点,2
话务,2
普华永道,2
到家,2
茶水,2
创造性地,2
走进,2
广发,2
镇,2
,2
桌游,2
北,2
顺德区,2
佛山市,2
待人,2
EXECL,2
跑步机,2
星型,2
MSTR,2
J2EE,2
种类,2
限量供应,2
批发,2
sunvalley,2
协调组,2
休息区,2
深圳市,2
The,2
Stochastic,2
Norm,2
description,2
issue,2
污染,2
GLM,2
II,2
between,2
桥梁,2
Dynamic,2
Scipy,2
来到,2
回流,2
新进,2
网官,2
珍爱,2
ps,2
龙华,2
Process,2
System,2
排故,2
EC,2
在职,2
衡量标准,2
必要条件,2
ScalaPython,2
邮资,2
cross,2
Co,2
Supporting,2
ODM,2
prefered,2
毛利润,2
套餐,2
市场学,2
人工神经网络,2
魄力,2
胆识,2
处理事务,2
得出结论,2
险种,2
DB,2
EMBA,2
中级,2
管辖,2
看法,2
户口,2
头脑,2
大纲,2
一体,2
高素质,2
跨国,2
服务部,2
优点,2
会计学,2
蜂巢,2
准确率,2
用友,2
事实,2
描绘出,2
particular,2
parts,2
可靠性,2
国库,2
宝库,2
center,2
承载,2
设计院,2
指派,2
装备,2
软件园,2
困难户,2
海淀区,2
起床,2
validation,2
邀请,2
包容,2
参评,2
族,2
vendor,2
熬夜,2
清华大学,2
Lucene,2
晚睡,2
体制,2
自由选择,2
interest,2
Big,2
音箱,2
培育,2
下一代,2
Computing,2
reach,2
说话,2
经营层,2
预订,2
1200,2
公司员工,2
过节费,2
mlib,2
行研,2
can,2
Neural,2
分险,2
科学计算,2
米左右,2
多渠道,2
生日派对,2
会议纪要,2
补货,2
道德品质,2
卖场,2
本科专业,2
Time,2
从无到有,2
领悟力,2
Net,2
研究者,2
好物,2
1400,2
Supply,2
充满活力,2
多次,2
target,2
朝九晚五,2
行情,2
需求者,2
欢迎您,2
Maintenance,2
退伍军人,2
Js,2
Passion,2
国有企业,2
what,2
利于,2
数据文件,2
优雅,2
既定目标,2
t,2
优劣势,2
出入库,2
Service,2
基因,2
首选,2
修,2
精力充沛,2
......,2
外派,2
集上,2
仔细阅读,2
AdWords,2
妈妈,2
再也,2
胖,2
极佳,2
顺应,2
社团,2
幸运,2
研究性,2
不会,2
越,2
优良,2
墨守成规,2
痛苦,2
reference,2
Microcred,2
哗啦啦,2
紧张,2
吧台,2
普通,2
东路,2
签,2
遇见,2
贷风控,2
所有权,2
笔试,2
集以,2
欧美,2
重新,2
校准,2
菲律宾,2
东南亚,2
计算机技术,2
一条,2
FineReport,2
零,2
有人,2
搭配,2
好吃,2
加班加点,2
并肩作战,2
众多,2
联络,2
忙,2
非常规,2
看不完,2
点位,2
你家,2
当下,2
所学,2
evolution,2
区分,2
承诺,2
MacBook,2
灵活应变,2
二维码,2
购房,2
十年,2
参数估计,2
valuable,2
休息室,2
elegant,2
Finereport,2
way,2
倾听,2
浴室,2
冲劲,2
job,2
贩卖机,2
软件测试,2
Drive,2
cooperation,2
perspective,2
methodological,2
经纪,2
伴,2
strategic,2
程序语言,2
微笑,2
insight,2
thanks,2
raw,2
展露,2
final,2
成正比,2
Holding,2
餐费,2
园区,2
期许,2
战友,2
Subsidiaries,2
鞭策,2
practices,2
反思,2
努力学习,2
打点,2
产品升级,2
阳光,2
分析员,2
硕士学位,2
Classification,2
赶快,2
Docker,2
边界,2
谨慎,2
经营效果,2
用大,2
应该,2
转行,2
put,2
西班牙语,2
Mesos,2
中间件,2
necessary,2
setup,2
priority,2
automated,2
LGD,2
仓位,2
Economics,2
繁荣,2
robust,2
各个方面,2
同比,2
领云,2
环比,2
休闲游戏,2
坚韧性,2
助理,2
试错,2
Adjust,2
AppsFlyer,2
GA360,2
浓郁,2
game,2
数千万,2
交给,2
瓜子,2
分区,2
椅,2
外语,2
如神策,2
coding,2
安于现状,2
人体工学,2
汪,2
狮,2
攻克,2
boss,2
Understand,2
Miller,2
Herman,2
020,2
原来,2
心动,2
专业人才,2
仪表板,2
开发资源,2
投资收益,2
solid,2
scipy,2
自营,2
Model,2
潭,2
YARN,2
用电,2
想往,2
Information,2
现成,2
自如,2
Sklearn,2
生物学,2
版,2
哒,2
Nosql,2
MAKA,2
爆,2
Statistical,2
挖,2
勿,2
担保,2
有加,2
一部分,2
echarts,2
开拓创新,2
更重,2
Mining,2
New,2
及天,2
五星级,2
没,2
ruby,2
科学化,2
强悍,2
构筑,2
缓存,2
孩子,2
电脑软件,2
端口,2
饭局,2
Mybatis,2
mastering,2
which,2
信贷管理,2
上门,1
mathmatics,1
集团公司,1
之内,1
STATISTIC,1
词典,1
line,1
服务类型,1
consumer,1
相亲相爱,1
matalab,1
提,1
BASE,1
Cypher,1
要义,1
STAT,1
同薪,1
Inc,1
电视台,1
留言,1
保险经纪,1
志愿,1
基础架构,1
统计员,1
MatLab,1
对算话,1
透过,1
保障制度,1
计算所,1
传递数据,1
电视节目,1
同岗,1
Pyhton,1
文字处理,1
绘图,1
热点话题,1
及积,1
EVIEW,1
素具,1
加州,1
manager,1
辐射,1
语料库,1
最强,1
旋律,1
ad,1
性感,1
航海,1
百年一遇,1
身处,1
Cdiscount,1
Wish,1
PayPal,1
eBay,1
Amazon,1
变迁,1
BSC,1
老年,1
CBNData,1
热销,1
SSPSS,1
百货商场,1
音符,1
逐月,1
resource,1
Lambda,1
前高管,1
MicroStrategy,1
个贷,1
Pivot,1
件,1
Practice,1
integration,1
无用,1
accessary,1
Best,1
上万种,1
生逢其,1
无效,1
拓扑,1
系统工程,1
清仓,1
进站,1
GMV,1
二本,1
激励性,1
网贷,1
传授,1
Analyzing,1
根植,1
发卡行,1
首张,1
Tcl,1
give,1
TP,1
外挂,1
characteristics,1
影视娱乐,1
预案,1
主题词,1
垃圾,1
破格录取,1
中产,1
先锋,1
suggestion,1
KMeans,1
领军,1
选择性,1
报酬,1
3rd,1
商业银行,1
第五,1
Maxcomputer,1
三步走,1
小影,1
IF,1
判定,1
STATE,1
盛名,1
representative,1
不畏艰难,1
主动出击,1
归整,1
交于,1
ability8,1
CPC,1
五八,1
后端,1
溯源,1
结构化分析,1
proposal,1
维修性,1
电网,1
备较,1
亿日,1
活,1
RPython,1
观感,1
分点,1
三反,1
万亿美元,1
保障性,1
安全性,1
PMP,1
突发性,1
当成,1
业务收入,1
结束,1
德语,1
候选,1
药厂,1
BusinessObjects,1
综合型,1
support.4,1
depth,1
ExceL,1
防治,1
大气污染,1
mongo,1
家电行业,1
gevent,1
needs.3,1
第一个,1
为乐,1
各部,1
Reporting,1
sensitivity,1
life,1
cycle,1
造势,1
specifically,1
person,1
发券,1
instructed,1
专用,1
electronic,1
数学分析,1
务,1
联运,1
唱片,1
税收,1
specialist,1
members.2,1
各家,1
测试计划,1
童鞋,1
各国,1
教科书,1
党员,1
depends,1
RAMS,1
安全控制,1
质量保证,1
regional,1
自动测试,1
大度,1
教务,1
participate,1
测试工具,1
Looking,1
sides.5,1
对面,1
BorderX,1
好感,1
择优录取,1
sort,1
补位,1
脑子,1
曲库,1
导流,1
CPS,1
易读性,1
专利产品,1
整站,1
可信度,1
根本原因,1
Bug,1
Springboot,1
Springcloud,1
精算学,1
similar,1
Collect,1
linkage,1
互联网站,1
working7,1
存留,1
Initiative,1
forward,1
及及,1
application6,1
开发包,1
mine,1
accuracy,1
Pyramid,1
专情,1
慎重,1
分子,1
赞同,1
SpringMVC,1
UI,1
走过,1
防寒,1
这份,1
Flash,1
延展性,1
知,1
扩展性,1
积淀,1
development.2,1
partition,1
立方,1
百,1
上课,1
以较,1
化有,1
机电类,1
sides,1
development.3,1
haddoop,1
quickly5,1
front,1
Routine,1
jvm,1
时请,1
网络通信,1
或任,1
enterprise,1
亿份,1
答卷,1
Working,1
星,1
30W,1
BI4,1
域,1
所在地,1
长沙,1
支付宝,1
雾,1
耕耘,1
微小,1
unitymob,1
一定量,1
意邦,1
公路,1
北青,1
先行者,1
固镇,1
显著,1
黄金时代,1
青浦区,1
FinReport,1
通用性,1
DNA,1
带到,1
版块,1
表层,1
按计划,1
下面,1
TOP200,1
resources,1
Tabluea,1
谦逊,1
游戏类,1
主打产品,1
高度负责,1
配额,1
蕴含,1
GEEK,1
等技,1
包者,1
点以,1
热烈,1
操作命令,1
优等,1
老同事,1
老带,1
线线,1
家乐,1
弄,1
酷,1
6598,1
申贷,1
Mhout,1
买卖,1
精炼,1
有运维,1
本职,1
逆商,1
红色,1
弹,1
万个,1
单款,1
畅,1
策,1
金融街,1
西城区,1
数据共享,1
密切相关,1
智囊团,1
普及,1
CCO,1
通过培训,1
黑色,1
医疗机构,1
婚庆,1
博会,1
翻译,1
人口,1
MaxCompute,1
NBC,1
睡眠,1
力图,1
热,1
决,1
商品流转,1
ABtest,1
展望,1
按钮,1
大街,1
Desired,1
助推,1
交易方式,1
就医,1
符合国家,1
PyCharm,1
不设,1
可追溯,1
周会,1
持之以恒,1
人际,1
学习成绩,1
生,1
微岚,1
微贷,1
自动识别,1
纬,1
不良行为,1
易读,1
信任,1
units,1
观数,1
电量,1
人流,1
精雕细琢,1
科研课题,1
主动精神,1
Safaribook,1
Coursera,1
宏有,1
概率分布,1
Datacamp,1
九章,1
电面,1
25K,1
先,1
中国电信,1
hawq,1
服务程序,1
4.1,1
精确度,1
科韵路,1
商路,1
先签,1
未到,1
一日,1
数年,1
OD,1
整条,1
Git,1
tidyverse,1
Decision,1
明,1
中贸,1
稍门,1
休,1
较验,1
差异性,1
不二,1
捕捉到,1
两项,1
这家,1
Makers,1
Pre,1
flink,1
技术储备,1
MATLIB,1
涉诉,1
职业资格,1
设计规范,1
随时随地,1
Managing,1
不弹,1
做市商,1
垂衣,1
土豪,1
变,1
早期,1
高兴,1
本分,1
更要,1
安心,1
航空公司,1
更深,1
更广,1
打通,1
实盘,1
深层,1
define,1
单元测试,1
coordinating,1
合作开发,1
光头,1
coo,1
撸,1
怼,1
dress,1
code,1
功能性,1
超多,1
你加,1
负面影响,1
本质属性,1
处置,1
早午,1
大学毕业,1
这种,1
Candidate,1
勇于进取,1
获贷,1
控制点,1
介入,1
小键盘,1
餐贴,1
Solidity,1
计收,1
美食,1
证明,1
份子,1
时令,1
诈骗,1
BDP,1
经济模型,1
卫生学,1
潜伏,1
地标,1
requested,1
核查,1
可操作性,1
sas5,1
wifi,1
所想于,1
风控类,1
KTV,1
晚会,1
多彩多姿,1
拆借,1
转岗,1
分仓,1
面积,1
预算内,1
品行,1
清,1
台账,1
出款,1
两地,1
中美,1
西直门,1
Conquest,1
MLWin,1
师范大学,1
有车,1
透,1
顾客群,1
MPP,1
SCM,1
精通业务,1
ERWIN,1
主义者,1
socket,1
TCP,1
领域建模,1
湖,1
支持性,1
所思,1
Written,1
学导,1
组别,1
Spoken,1
SC,1
saas,1
certain,1
划拨,1
流动,1
纠偏,1
FTP,1
2000,1
西山,1
中东地区,1
JollyChic,1
Routing,1
执御,1
浙江,1
变化规律,1
dataworks,1
外呼,1
借用,1
清分,1
款项,1
应打,1
落日,1
爱好者,1
重量级,1
Pervasive,1
直购,1
LOB,1
C,1
无处不在,1
年销售额,1
亿元,1
部是,1
DL,1
息费,1
应付账款,1
霾,1
病理学,1
基础医学,1
能达,1
三位,1
医学知识,1
优者,1
术语,1
看见,1
性能参数,1
正品,1
最新款,1
享用,1
net,1
MYSQL4,1
youtube,1
mpi,1
多名,1
大学教授,1
不止,1
房补,1
Both,1
西兴,1
归属,1
急招,1
语法分析,1
hc,1
zepline,1
依存,1
路均,1
stack,1
than,1
转乘,1
315,1
八险,1
医疗卫生,1
文档资料,1
115,1
滨兴路,1
368,1
hue,1
Deepdive,1
116,1
路滨安,1
长河,1
More,1
美容,1
控制数据,1
PythonJavaScala,1
打标,1
影像,1
替换,1
OE,1
零部件,1
医健,1
有把握,1
响应分析,1
这点,1
看重,1
子图,1
强抗,1
酷爱,1
实在,1
翻天,1
单独,1
相处,1
落到实处,1
允许,1
空话,1
搭,1
微观经济,1
225,1
滨安路,1
Network,1
不良率,1
分支机构,1
deadlines,1
新策略,1
典当,1
建策,1
Great,1
闪,1
互助,1
般,1
Open,1
Outing,1
遛,1
宠物,1
咖啡机,1
送员,1
冷饮,1
两侧,1
文笔,1
茶话会,1
倡导,1
33,1
ADX,1
宽,1
小企业,1
iPhonex,1
256,1
领层,1
路秋溢,1
几个,1
聚才,1
建表,1
,1
Airlines,1
秋溢路,1
公交车站,1
控股,1
夕尔,1
105,1
含小微,1
上峰,1
611,1
江虹路,1
缓释,1
Raises,1
互爱,1
QoS,1
事件报告,1
Software,1
噪,1
实用化,1
复交,1
级用户,1
清北,1
令人激动,1
特股,1
弱点,1
低效,1
LTR,1
明年,1
有望,1
获知,1
盲从,1
盲区,1
盲信,1
对事,1
PLSA,1
疑点,1
LDA,1
HMM,1
差错率,1
需较,1
中科院,1
ToC,1
掘,1
东,1
警报,1
引发,1
rong360,1
UNIX,1
index,1
重难点,1
电子邮件,1
回应,1
便利性,1
萃取,1
发布者,1
填充,1
促成,1
适配,1
研究进展,1
备件,1
Beijing,1
Chain,1
Title,1
HRBI,1
eCPM,1
CTR,1
弥补,1
反洗钱,1
辅助性,1
昌平,1
途家,1
忠诚,1
如潜客,1
干系,1
1000am,1
到来,1
及千人,1
MBG,1
精准度,1
适应度,1
包如,1
双边,1
证,1
下级,1
North,1
America,1
及抗,1
竞赛者,1
Delivery,1
炼化,1
修订,1
地层,1
outside,1
500pm,1
用印,1
代言,1
高德,1
打印,1
NA,1
单据,1
赎,1
refurbishment,1
认申,1
Bash,1
whole,1
噪音,1
售后服务,1
东直门,1
受理,1
独产,1
其全,1
TABLEU,1
五十六,1
掌握者,1
恶意软件,1
外斜,1
信息管理系统,1
恶意代码,1
m,1
campus,1
companyads,1
气象条件,1
拼命,1
diagnose,1
correct,1
improper,1
complaints,1
weakness,1
citydnatech,1
新篇章,1
无人机,1
登陆,1
机理,1
贴金,1
数城,1
MTBF,1
取舍,1
1830,1
评定,1
建国门,1
区间,1
soho,1
协同工作,1
攻关,1
部件,1
浑身,1
111,1
Real,1
combination,1
唧唧,1
Strengthen,1
小而精,1
satisfaction,1
收单,1
公关能力,1
Demand,1
Bidding,1
metrology,1
头衔,1
较为简单,1
天津,1
满满的,1
哄哄,1
Buy,1
聪明才智,1
Media,1
大佬,1
后盾,1
环境质量,1
CityDNA,1
goal,1
continuous,1
数亿,1
企业信用,1
94,1
张自忠,1
真挚,1
上档次,1
任二,1
口罩,1
6K,1
无责,1
梁,1
45,1
1.20,1
向东,1
勇往,1
口往,1
前行,1
Cup,1
KDD,1
UGC,1
金融监管,1
companyads.51,1
控制程序,1
尽早,1
女士,1
不定量,1
抢红包,1
东四十条,1
D2,1
话语权,1
信任度,1
和校验,1
界定,1
Leaflet,1
MapboxGL,1
饭补,1
delight,1
朝气蓬勃,1
顾问团,1
交流学习,1
excellence,1
容量,1
豌豆荚,1
座标,1
四溢,1
队友,1
神,1
抢,1
Pro,1
order,1
地质,1
等队,1
与时俱进,1
hadoophive,1
圈子,1
STATUSTIC,1
记者,1
Quickoffice,1
Numbers,1
到款,1
简述,1
汇款,1
理论化,1
85,1
建仓,1
一整套,1
一分钟,1
120%,1
80%,1
内购,1
卡片式,1
原生,1
试炼,1
为始,1
来临,1
ShellMysqlPython,1
指导作用,1
数不清,1
从多源,1
余额,1
大方,1
奉献,1
数千,1
票房,1
跨组,1
串联,1
出对,1
PaaS,1
工艺,1
一等,1
及线,1
化验,1
财务软件,1
并会,1
新入司,1
年同,1
内在联系,1
研讨会,1
尽责,1
二金,1
尽心,1
首创者,1
更价,1
钻探,1
实际行动,1
标配,1
以终,1
拉动,1
赢房,1
公司版权,1
图库,1
有钱赚,1
赌,1
无穷的,1
发动机,1
转向,1
赢,1
琢磨,1
属性数据,1
Exploratory,1
利用效率,1
静态,1
造数,1
好学上进,1
检查和,1
分析法,1
公积,1
赢车,1
触媒,1
期程,1
最佳雇主,1
不错,1
排配,1
现存,1
及算力,1
所用,1
维修,1
华南地区,1
良率,1
代办,1
单品,1
康奈尔,1
行销,1
就职,1
IDC,1
有远见,1
机房,1
独栋,1
5A,1
虚位以待,1
跑道,1
细微,1
潮流,1
小于,1
持股,1
高过,1
responsibilities,1
刷机,1
200.000,1
5.3,1
retailers,1
二维,1
higher,1
volumes,1
促使,1
profitability,1
刷量,1
XRM,1
totaling,1
互帮互助,1
Assume,1
ux,1
Shello,1
area,1
assume,1
保量,1
自信心,1
Advanced,1
后勤工作,1
Kaggle,1
kinds,1
每满,1
optimal,1
fulfillment,1
mandatory,1
发声,1
暑期,1
打字速度,1
中游,1
石油工业,1
CPLEX,1
objectives,1
XPRESS,1
真实有效,1
回传,1
strategy,1
师傅,1
文娱活动,1
表与,1
详实,1
channels,1
图表说明,1
staff,1
富,1
DBA,1
周单,1
globally,1
recognized,1
尼尔森,1
易懂,1
万亿,1
绝大部分,1
难,1
演化,1
葡萄牙语,1
拉美地区,1
长久,1
push,1
混迹,1
总论,1
university,1
体会,1
进化,1
等值,1
一轮,1
机械类,1
value,1
老百姓,1
暂,1
读研,1
打算,1
MindManager,1
todo,1
脱敏,1
modelling,1
MSOffice,1
computational,1
Steward,1
PL,1
倾斜,1
TSQL,1
小说,1
storytelling,1
错过机会,1
tangible,1
凝练,1
讲故事,1
三类,1
Banking,1
求职者,1
Insurance,1
战术,1
高薪技术,1
Tools,1
VA,1
王牌,1
别不限,1
Side,1
特征描述,1
承认,1
talkingdata,1
作风,1
攻坚,1
信审及,1
审贷,1
课题组,1
科学管理,1
PSPP,1
给力,1
目标值,1
太散,1
软件包,1
难定,1
JDSC,1
信仰,1
带头,1
精力,1
之心,1
SpreadSheets,1
Calc,1
OpenOffice,1
各别,1
growingio,1
对多源,1
讲求,1
及强,1
服务性,1
商旅,1
客户资料,1
实线,1
原有,1
一丝,1
真实性,1
大类,1
违规行为,1
经纪人,1
两端,1
全权负责,1
服务商,1
推行,1
700,1
有志,1
base,1
直营,1
销,1
数等,1
社科类,1
600,1
品行端正,1
o,1
CART,1
organize,1
自省,1
elk,1
社科,1
RF,1
英文名称,1
某类,1
类固收,1
成因,1
preferable,1
deal,1
effective,1
exel,1
well,1
them,1
Preferred,1
risks,1
potential,1
Logistics,1
Evaluate,1
Mainly,1
XGBOOST,1
targeted,1
升,1
办公自动化,1
草拟,1
OLTP,1
稿件,1
测试阶段,1
建言,1
分类管理,1
长尾,1
Tablaue,1
creatively.5,1
Kimball,1
数据资料,1
部委,1
拿手,1
卡和大,1
results.3,1
栈有,1
Adobe,1
yarn,1
保后,1
degreeand,1
研制,1
kudu,1
druid,1
核保,1
应急,1
Pontpage,1
走访,1
系统升级,1
与化,1
攻击者,1
车主,1
Plotly,1
网络攻击,1
采,1
boot,1
mvc,1
内置,1
日语,1
JVM,1
Hacker,1
Tomcat,1
GC,1
锁,1
边界条件,1
PosgreSQL,1
静态数据,1
存入,1
MPI,1
文秘,1
memcached,1
结,1
以求,1
管提,1
高速公路,1
类比,1
定型,1
Capability,1
卖品部,1
美誉度,1
职,1
前入,1
本次,1
requirements,1
收费,1
交换,1
曝光,1
提供线索,1
加强,1
coordination,1
阵容,1
代部,1
Kafa,1
拥有者,1
节省,1
推进力,1
预知,1
线及,1
队列,1
失联,1
首个,1
潜质,1
帮中,1
千家,1
加多宝,1
海尔,1
交通银行,1
佳能,1
丰田,1
奥迪,1
DataBank,1
新一轮,1
streamng,1
首次,1
揭幕,1
Awk,1
实效,1
实践性,1
兼有,1
低成本,1
能耗,1
易用,1
荣誉,1
押金,1
会建,1
吊起,1
识别力,1
N2,1
开具,1
控线,1
填写,1
充值,1
Hacking,1
按周,1
交易员,1
利息,1
延迟,1
脉络,1
FMCG,1
自考,1
引流,1
中期,1
综合性,1
监管部门,1
Peoplesoft,1
VIP,1
放,1
方与,1
Validate,1
logistics,1
歪歪,1
湘鄂,1
器械,1
夜宵,1
Collaborative,1
Player,1
易观,1
入驻,1
QM,1
情,1
following,1
甲方乙方,1
通勤,1
台球,1
外景地,1
园林,1
艾瑞,1
配偶,1
两金,1
超棒,1
just,1
So,1
HIve,1
much,1
动感单车,1
willingness,1
风控云,1
水吧,1
系统对,1
可信,1
teach,1
极有,1
各处,1
desire,1
Mindset,1
Teacher,1
散布,1
图书室,1
时光,1
engage,1
套装,1
sharing,1
春夏秋冬,1
量身,1
过节,1
生日卡,1
网球场,1
药企,1
篮球场,1
桌上,1
Our,1
雍和宫,1
media,1
跟诊,1
风口,1
封装,1
高效益,1
商平,1
号底,1
万科,1
西园,1
简要,1
甜水,1
中医学,1
京城,1
入伙,1
中药,1
你够,1
中医,1
沉浸于,1
座椅,1
模,1
outlook,1
风机,1
visio,1
欣赏,1
心堂,1
三层,1
百胜,1
食客,1
businessvalue,1
五道,1
生物工程,1
积极开展,1
美工,1
pathon,1
将线,1
风险性,1
IE,1
日子,1
西二旗,1
awk,1
996,1
尽调,1
勾心斗角,1
过神策,1
实现理想,1
名册,1
画,1
知会,1
监护,1
终端用户,1
处理意见,1
技艺高超,1
会同,1
小规模,1
原始记录,1
To,1
房源,1
观,1
气质佳,1
分装,1
身体健康,1
投标,1
高效性,1
28,1
challenging,1
善长,1
抓大放小,1
becomes,1
goals,1
法律法规,1
win,1
推陈出新,1
Tenacious,1
confidential,1
泡温泉,1
BigOne,1
成品,1
质检,1
最棒,1
组成员,1
analyzing,1
freight,1
SP,1
DRA,1
guidelines,1
clarification,1
所建,1
confirm,1
Enable,1
帐号,1
BR,1
独一无二,1
Rollrate,1
报告书,1
payment,1
Cost,1
allocation,1
EDW,1
作风严谨,1
调账,1
saving,1
合作部,1
Trustworthy,1
滑雪,1
accountability,1
Sharp,1
paced,1
碎片,1
冷启动,1
消费水平,1
质量体系,1
数家,1
投资决策,1
中班,1
1511,1
organizational,1
Adaptable,1
冬天,1
members,1
财智,1
报道,1
上千,1
重大项目,1
junior,1
链家网,1
mentor,1
沟能,1
万美金,1
转换成,1
询价,1
consistent,1
周围,1
Motivated,1
夏天,1
神马,1
纽约,1
常州市,1
天宁区,1
河东路,1
66,1
新加坡,1
九州,1
careful,1
环宇,1
801,1
802,1
自助餐,1
paying,1
while,1
一汤,1
四菜,1
deadline,1
发达,1
mannerQualifications,1
托福,1
Rstudio,1
⑵,1
达标,1
VbA,1
商务平台,1
够,1
前线,1
上级部门,1
⑴,1
雄厚,1
国企,1
⑶,1
中所,1
⑷,1
直达,1
⑸,1
宽阔,1
常见疾病,1
疾病,1
运管,1
范畴,1
Smart,1
严格遵守,1
共生,1
写作水平,1
移动性,1
硬,1
RRC,1
PHR,1
X2,1
切换,1
RLF,1
HO,1
RAB,1
上下文,1
UE,1
共建,1
附着,1
客户经理,1
玩手,1
输入法,1
商及,1
保管,1
容易接受,1
趋性,1
提拔,1
配比,1
主推,1
南北,1
泰国,1
一金为,1
幸福,1
大额,1
爱心,1
资助,1
度过难关,1
三八,1
教师节,1
走遍,1
海南,1
外观设计,1
云南,1
西藏,1
自磨,1
太古,1
汇,1
怡人,1
报读,1
低至,1
多通道,1
天制,1
各层次,1
my,1
处事,1
政府部门,1
注此,1
招满,1
抵达,1
有具,1
实际性,1
维保,1
短时,1
有天,1
SQLserverL,1
奖励制度,1
劳保,1
接驳,1
巴士,1
接送,1
远离,1
挤,1
心酸,1
货量,1
网优大,1
样例,1
法则,1
荣誉出品,1
阶梯式,1
T1,1
终年,1
学社,1
^l,1
媒体代理,1
60%,1
Pacer,1
杠杠,1
3.211,1
展厅,1
图情学,1
对天,1
有赞,1
,1
模版,1
32,1
62,1
间接,1
花地,1
半天,1
女性朋友,1
奉上,1
贺金送,1
严禁,1
根进,1
eviews,1
高负荷,1
SIG,1
手续,1
无此,1
策源,1
健身卡,1
联创,1
购书,1
h,1
外拓,1
共同努力,1
外加,1
宝宝,1
优美,1
互联网安全,1
马上,1
404,1
两名,1
SA,1
生意经,1
药品,1
雨具,1
取用,1
PLSQL,1
WMS,1
对公,1
组对,1
筹建,1
参谋,1
通等,1
Apriori,1
MySOL,1
模样,1
泛化,1
西,1
高志,1
全层,1
业余,1
珍贵,1
规划系统,1
备用,1
OTC,1
缤纷多彩,1
职礼,1
获奖,1
优秀论文,1
必备条件,1
adwords,1
计费数据,1
深入探讨,1
阶级,1
迂腐,1
很多很多,1
萌,1
妹子,1
相匹配,1
慧通,1
长远,1
创新奖,1
男员工,1
服务期,1
番禺,1
会江,1
想方设法,1
MALTAB,1
编制成,1
Ensures,1
applies,1
methodology,1
enforces,1
standards,1
Prepares,1
assurance,1
procedures,1
Minimizes,1
exposure,1
documents,1
Managers,1
update,1
stored,1
appropriately,1
workflow,1
discipline,1
Years,1
supervisory,1
Warehouse,1
perfect,1
Effectively,1
upper,1
时报,1
2715,1
生涯规划,1
将会,1
不便,1
广耀,1
实业,1
240,1
丰兴,1
幢,1
2713,1
三号,1
passing,1
审美观,1
大四,1
洞建,1
month,1
closing,1
Take,1
Reviews,1
prepared,1
before,1
Possess,1
motivation,1
interpersonal,1
live,1
披萨,1
当季,1
足量,1
歇,1
年内,1
指向性,1
落后,1
大款,1
凡科,1
周边产品,1
Willingness,1
各异,1
各直客,1
FC,1
紧盯,1
截图,1
深谙,1
度提高,1
或多门,1
有开,1
冰淇淋,1
炎炎夏日,1
审计工作,1
安全设备,1
tasking,1
prioritize,1
workload,1
without,1
impacting,1
essential,1
read,1
write,1
emails,1
Test3,1
每司龄,1
影片,1
正片,1
花絮,1
预告,1
banner,1
有益于,1
主机,1
网络设备,1
如本,1
求职,1
声明,1
FLUME,1
达到最佳,1
IQ,1
成就动机,1
玩转,1
概念模型,1
难点,1
PowerDesigner,1
Rose,1
HBASE,1
SqlServer,1
富有经验,1
驻点,1
8.5,1
大放送,1
团结互助,1
加个,1
油,1
大中小企业,1
广大客户,1
服务公司,1
目标群体,1
同仁,1
精髓,1
ETBS,1
ecxel,1
会多表,1
不凡,1
指尖,1
悦,1
更多校,1
校区,1
102,1
华南农业大学,1
园艺,1
报告厅,1
理工学院,1
居民消费,1
问卷调查,1
专案,1
假及,1
9.5,1
当年,1
六个月,1
团结合作,1
骨干,1
业余活动,1
投行,1
无聊,1
命运,1
岗位责任,1
信心十足,1
初学者,1
技术类,1
求贤若渴,1
辉煌,1
内外资,1
私募,1
奋力拼搏,1
推荐信,1
切勿,1
留意,1
见,1
1330,1
概况,1
详解,1
盘感,1
强训,1
荣誉感,1
较广,1
沉着,1
拉客户,1
力争,1
主导者,1
佼佼者,1
互联网服务,1
脱颖而出,1
及代,1
品专,1
竞价排名,1
WAP,1
时排,1
东圃,1
一横路,1
汇宝,1
商业中心,1
智橙会,1
更强,1
稳步发展,1
时期,1
强化,1
保密工作,1
进销存,1
云集,1
对抗赛,1
SQLite,1
tensorFlow,1
父母,1
6.1,1
回家,1
陪熊,1
购物狂,1
第二天,1
文化部,1
VS,1
通话记录,1
销兽,1
有造,1
效率源,1
乐此不疲,1
年方,1
几何,1
一件,1
一致,1
中航,1
缴费,1
airflow,1
期盼,1
分库,1
标准配置,1
突发事件,1
热门话题,1
政经,1
局势,1
总体设计,1
把关,1
InnoDB,1
title,1
分表,1
存储系统,1
nosql,1
MaxSacle,1
ProxySQL,1
建议书,1
tcp,1
超文本,1
正则,1
反爬,1
neo4j,1
1101,1
神经网,1
络,1
春节假期,1
随之而来,1
创造者,1
DataV,1
任务分配,1
及运维,1
py,1
优于,1
产育,1
长达,1
充裕,1
江苏,1
盘活,1
h5,1
scrapy,1
pyspider,1
栏目,1
SQL3,1
遗传学,1
农牧,1
竭尽所能,1
时机,1
处理过程,1
简报,1
青春,1
无锡,1
吴区,1
做成,1
2.4,1
离散,1
化等,1
和拉通,1
营养,1
虚假,1
江景,1
萌宠,1
鲜肉,1
仙女,1
满地跑,1
开门红,1
多彩,1
劳逸结合,1
王者,1
农药,1
宽容,1
主打,1
涉猎,1
arguments,1
lover,1
re,1
edge,1
its,1
methodologies,1
communicator,1
sophisticated,1
compelling,1
clear,1
energy,1
see,1
Because,1
love,1
enthusiasm,1
infectious,1
wait,1
get,1
virus,1
makes,1
perform,1
tech,1
simpler,1
subjects,1
try,1
Engineering,1
any,1
softwares,1
Personal,1
number,1
cruncher,1
proficient,1
superb,1
naturally,1
multicultural,1
know,1
how,1
interact,1
cultures,1
creating,1
trust,1
respect,1
pragmatical,1
always,1
absolute,1
challenges,1
认知科学,1
Bayes,1
测序,1
QC,1
变异,1
Affymetrix,1
Illumina,1
三街,1
503,1
PageRank,1
Naive,1
facebook,1
opportunity,1
货币化,1
区别,1
折腾,1
长远目标,1
合理配置,1
按资排辈,1
Customer,1
Visual,1
AMPL,1
二代,1
基因组,1
低质量,1
Core,1
contribute,1
Please,1
prepare,1
CV,1
类库,1
出数,1
下季,1
款式,1
样品,1
商品生产,1
陈列,1
全品,1
注意事项,1
连锁业,1
成华区,1
府,1
青路,1
二段,1
协信,1
全体同仁,1
明天,1
可扩展性,1
299,1
43,1
53,1
137,1
140,1
194,1
243,1
245,1
261,1
284,1
302,1
村,1
504,1
517,1
518,1
540,1
541,1
542,1
545,1
547,1
548,1
国防,1
1404,1
830,1
总结性,1
总站,1
楼下,1
宜家,1
东方,1
宝泰,1
MALL,1
投保,1
渠道商,1
脑图,1
元旦,1
科讯,1
清明,1
五一,1
国庆,1
享年,1
大病,1
开年利,1
友谊,1
638,1
富力,1
550,1
562,1
583,1
爆旺,1
北站,1
普通人,1
面向用户,1
小品,1
一钟,1
签署,1
派遣,1
转为,1
正编,1
平滞,1
669,1
欠缺,1
修改意见,1
开款,1
入仓,1
商品交易,1
服装行业,1
全世界,1
回购,1
太平洋,1
东风,1
花圈,1
小北,1
应元路,1
882,1
901a,1
b15,1
b22,1
b8,1
42,1
自给自足,1
美,1
日报表,1
石灸,1
四维,1
美眼,1
酵素,1
美时,1
店面,1
普及率,1
欠款,1
哺乳,1
宽敞明亮,1
广州东站,1
APM,1
2102,1
197,1
即到,1
名是,1
华工,1
途经,1
公交车,1
B10,1
78,1
775,1
41,1
78A,1
机灵,1
工程学,1
号耀中,1
3717,1
购物者,1
Operation,1
开,1
客情,1
优质服务,1
服务质量,1
往前走,1
右边,1
进去,1
华南理工大学,1
床,1
社会保障,1
贺金,1
婚礼,1
生病,1
终究,1
逢,1
欢聚一堂,1
吃吃喝喝,1
话家常,1
坚定不移,1
宁缺毋滥,1
山路,1
371,1
中公,1
2110,1
五山站,1
往右,1
直走,1
顾问公司,1
factor,1
2101,1
1230,1
夺目,1
光彩,1
豪奖,1
耍流氓,1
不甘,1
永远,1
全勤奖金,1
展翅飞翔,1
福利制度,1
一倍,1
Correlation,1
神灯,1
娱乐活动,1
林,1
152,1
天誉,1
花园,1
一期,1
高雅,1
阁,1
发出,1
金子,1
宽带,1
容错过,1
综合体,1
商圈,1
回报率,1
局限,1
新客,1
线条,1
持,1
饭堂,1
初,1
沟,1
寻人,1
技术协作,1
保洁,1
欧莱雅,1
雀巢,1
UC,1
AdMaster,1
唯品,1
专业课程,1
源代码,1
金融证券,1
几年,1
智园,1
inorange,1
址,1
黄浦区,1
淮海中路,1
K11,1
购物中心,1
54,1
学苑,1
南山,1
B1,1
电台,1
栋,1
建国路,1
93,1
505,1
手把手,1
大大,1
餐车,1
室外,1
上山下海,1
网址,1
平面,1
Yarn,1
凤凰,1
直投,1
聚效,1
无线,1
纵横,1
小黑,1
珑,1
系全,1
代理服务,1
搜狐,1
朋友圈,1
高铁,1
豆瓣,1
优酷,1
土豆,1
芒果,1
雪球,1
12306,1
托管,1
下全,1
机场,1
室内,1
唱歌,1
感受,1
开店,1
dadastage,1
装载,1
梅景,1
颂德,1
联调,1
新闻资讯,1
研究所,1
资格证书,1
并行算法,1
店,1
很呆萌,1
市场潜力,1
广东话,1
集团型,1
客商,1
等主,1
虚拟世界,1
邻域,1
FS,1
SOA,1
SQLSERVER,1
手麻,1
his,1
OUTLOOK,1
以人为本,1
置信度,1
z,1
账面,1
顺利完成,1
擦,1
军事,1
储存,1
GO,1
劳动,1
公平,1
周边游,1
以利于,1
混排,1
战略性,1
初次,1
续借,1
用户服务,1
综合信息,1
快车,1
印证,1
京牌,1
进晚餐,1
妆容,1
西西里,1
亲子,1
是否是,1
主角,1
最亲民,1
亲民,1
心声,1
共,1
宝大,1
亲情,1
FT,1
浏量,1
立知,1
奇点,1
手机操作系统,1
产线,1
期刊,1
过有,1
求解,1
烘焙,1
normal,1
节假,1
纪念日,1
心情,1
体贴,1
当红,1
身体发肤,1
私人,1
订制,1
体检中心,1
平时,1
累,1
放松,1
洗完,1
澡,1
回到,1
圈,1
网球,1
爵士舞,1
桌球,1
凝聚,1
咖秀,1
金店,1
勤劳,1
信赖,1
建材,1
regex,1
如看,1
视乎,1
拼购,1
京,1
东京,1
准通,1
食品,1
日化,1
蒙牛,1
奋进,1
蓝月亮,1
汤臣,1
健,1
方太,1
创维,1
索菲亚,1
保时捷,1
郎酒,1
知名品牌,1
计算机系,1
入围,1
并于,1
科技领域,1
Shenzhen,1
Manufacturing,1
Tooling,1
function,1
Program,1
..,1
Speaking,1
Writing,1
reading,1
comunication,1
positive,1
物业,1
娴熟,1
快鸟,1
linxu,1
预提,1
Gekko,1
种子,1
亚洲,1
存储技术,1
降低库存,1
大力,1
主力,1
君联,1
DCM,1
依赖,1
Ubot,1
多轮,1
Insight,1
显示,1
Ember,1
Maxcompute,1
讲义,1
投资方,1
练习题,1
速查表,1
hackdata,1
博文,1
教材,1
出版,1
教学资料,1
AdaBoost,1
Latex,1
老虎,1
养乐多,1
收款,1
海底,1
数万家,1
云上,1
日访问量,1
数亿次,1
Cloud,1
即时通讯,1
VoIP,1
工单,1
光大银行,1
捞,1
巧虎,1
故宫博物院,1
皇家,1
加勒比,1
游轮,1
凯撒,1
中青旅,1
耀悦,1
印象,1
笔记,1
markdown,1
边框,1
显示器,1
险峰,1
等源,1
查单,1
易到,1
电产,1
多种类型,1
原侃家,1
买房人,1
高品质,1
K2,1
华兴,1
loft900,1
壁垒,1
这片,1
银河,1
下车,1
部门经理,1
新规,1
泊车,1
保持联系,1
资源共享,1
CS,1
假量,1
阐释,1
求进,1
平,1
天台,1
建设期,1
存取,1
HiveSql,1
中及,1
播报,1
00AM,1
点滴,1
4500,1
访问量,1
亿次,1
一路,1
冲到,1
紧随,1
双百,1
1700,1
领投,1
4300,1
实力派,1
鸡,1
Dota,1
场合,1
赤潮,1
百将行,1
忠实,1
无须,1
催眠,1
深信不疑,1
慷慨,1
热衷,1
天赋,1
随和,1
下线,1
预警系统,1
返回,1
spass,1
全国性,1
mapreduce,1
nbsp,1
行内,1
应聘者,1
Rhadoop,1
战争,1
妥善处理,1
承运,1
供货,1
税种,1
税务局,1
原始凭证,1
凭证,1
账目,1
账证,1
会计凭证,1
账册,1
各端,1
互联网内容,1
SCIKIT,1
LEARN,1
过来,1
分行,1
新户,1
Pyhon,1
敲定,1
论据,1
调拨,1
可放低,1
Digital,1
中任,1
有安卓,1
ACCA,1
考,1
能看懂,1
糖尿病,1
有能,1
编写程序,1
电子相关,1
程序代码,1
突破难关,1
UED,1
Marketing,1
觅影,1
人员素质,1
成小,1
福利品,1
实证,1
学术研究,1
银行信贷,1
处理软件,1
PUSH,1
附注,1
亚太地区,1
北美,1
晨星,1
转换率,1
异构,1
Log,1
Developer,1
可年,1
ok,1
开发软件,1
惯例,1
最低,1
Extract,1
Transform,1
Load,1
OWB,1
DI,1
水晶,1
粤语,1
Azkaban,1
盗刷,1
承担风险,1
更换,1
天气,1
四季,1
人民,1
占领,1
地球,1
周周,1
三斤,1
自定义,1
穿透,1
工具化,1
入模,1
考量,1
喜闻乐见,1
足迹,1
Mathematica,1
Maple,1
GraphX,1
35K,1
通透,1
后风,1
控反,1
敏感数据,1
大疆,1
踏遍,1
同富游,1
不到,1
出类拔萃,1
国,1
地税,1
编写者,1
配色,1
回避,1
武装,1
大脑,1
海钓,1
徒步,1
不可或缺,1
Homie,1
组成部分,1
9k,1
购,1
一签,1
华中,1
西北区,1
共赢,1
推介,1
蒙特卡罗,1
垂询,1
限定,1
POWERPOINT,1
在职员工,1
上万元,1
营及,1
圆梦,1
栽培,1
哪网,1
即时性,1
研究部,1
数据组织,1
易购,1
百圆,1
通畅,1
裤业,1
日起,1
更名,1
主板,1
SZ002640,1
实力雄厚,1
年末,1
Y,1
字形,1
之星,1
多姿多彩,1
会及,1
沙龙,1
核心内容,1
97,1
将常,1
98,1
立,1
敏,1
01,1
感度,1
90,1
07,1
92,1
糖粮,1
价格指数,1
研,1
如实,1
规律性,1
数理经济学,1
Ms,1
有所作为,1
数据录入,1
SparkSQL,1
差,1
永利,1
上佳,1
数据备份,1
灾难,1
恢复,1
有图,1
AntV,1
道人,1
Testing,1
恒信,1
badcase,1
根提,1
季风,1
Phthon,1
证券期货,1
Cboard,1
依旧,1
他部,1
管理软件,1
乱,1
文件系统,1
EXCEl,1
品牌战略,1
建识,1
finereport,1
利他,1
两门,1
骄人成绩,1
BTW,1
兑现,1
基本保障,1
实额,1
幅度,1
媛,1
首购,1
高配,1
返还,1
成长期,1
贡献度,1
icharts,1
事前,1
redshift,1
所提,1
跟踪目标,1
提现,1
数定,1
醒,1
95,1
总榜,1
曾任,1
工场,1
颠覆,1
P,1
R2RtAfg,1
心中,1
良心,1
超大,1
集中营,1
限路,1
挂念,1
MM,1
恋,1
炒鸡,1
随意,1
知心,1
元气,1
满满,1
不扣,1
STORE,1
17,1
r,1
t,1
风检现,1
缺浴,1
统,1
计,1
学报,1
适模,1
学能,1
功及,1
数招,1
草展,1
她悉,1
有海盘,1
分级管理,1
L,1
q,1
｀,1
66,1
07,1
s,1
双通道,1
职满,1
主人,1
线作,1
每周三,1
诚聘,1
轻松自由,1
SVN,1
提高效率,1
清晰明确,1
CEM,1
Execl,1
驾驶,1
版式,1
罗湖,1
热度,1
查阅,1
寻长,1
轻奢,1
年休,1
客户部,1
f,1
深户,1
菜式,1
柠檬水,1
凉茶,1
应季,1
养生,1
此基础,1
供求,1
完工,1
Maintaining,1
manufacturing,1
Tracking,1
managing,1
tooling,1
functional,1
backgrounds,1
spoken,1
计算器,1
或能,1
文笔流畅,1
热枕,1
新知,1
形式多样,1
逢年过节,1
侯,1
市区,1
福田,1
相似性,1
公园,1
建银,1
IFC,1
花旗,1
渣打,1
外聘,1
游学,1
观海,1
阳台,1
背靠,1
邻近,1
宝安,1
海岸,1
险,1
费,1
竞聘,1
DESKTOP,1
乐刷,1
贤良,1
淑德,1
想不到,1
瑞信,1
飞速,1
轨道,1
步入,1
蛋糕,1
2011,1
记,1
卡牛,1
2.6,1
领头羊,1
76,1
毕马威,1
杂志,1
中文版,1
评选,1
殊荣,1
供职,1
跨国企业,1
戴,1
面具,1
地说,1
单纯,1
起跳,1
三项式,1
职业培训,1
悠闲,1
小剧场,1
蜡烛,1
贺卡,1
大红包,1
在乎,1
关爱,1
闹,1
play,1
打机,1
传说,1
技术论坛,1
热水器,1
帖,1
好多,1
小赢,1
产品价格,1
缺货,1
呆,1
产品组合,1
心细,1
空调,1
吹,1
加油站,1
事儿,1
位线,1
抛开,1
畅谈,1
专业书籍,1
快速通道,1
周三,1
啃,1
齐聚一堂,1
能歌善舞,1
演唱会,1
厅,1
可乐,1
小满,1
决算,1
实际操作,1
中级职称,1
CMA,1
CMIA,1
会计证,1
取消,1
洗衣机,1
举行,1
人员培训,1
L2,1
Network.3,1
How,1
overcome,1
over,1
fitting,1
general,1
recommend,1
system.5,1
L1,1
datamining,1
新区,1
statistic,1
TOEFL,1
IETLS,1
GRE,1
GMAT,1
Logistic,1
Random,1
Forest,1
图论,1
connection,1
Linear,1
General,1
error.2,1
观澜,1
大布巷,1
1301,1
A8,1
银星,1
工业园,1
内源,1
鑫,1
药业,1
这能,1
Flask,1
Pytorch,1
cluster,1
MLib,1
Cuda,1
Programming,1
difference,1
I,1
clarify,1
fields,1
databases,1
Familiarity,1
书面报告,1
亚马逊,1
抢手,1
168,1
Ventures,1
Bertelsmann,1
速率,1
远大目标,1
更进一步,1
面板,1
不合理,1
优达,1
纳米,1
ID,1
Merge,1
GB,1
dplyr,1
PostGIS,1
PgRouting,1
赛前,1
赛后,1
学城,1
名牌大学,1
Openkg,1
senior,1
customers,1
delivering,1
infrastructure,1
Highly,1
ethic,1
initiative,1
maturity,1
Superb,1
enable,1
makers,1
自已,1
Client,1
service,1
orientation,1
focused,1
Previous,1
role,1
firm,1
scripting,1
发张,1
发展史,1
里程碑,1
引起,1
苏宁,1
东方航空,1
首都,1
航司,1
越飞越,1
有钱,1
渣打银行,1
Discover,1
信而富,1
中赢,1
进取精神,1
内电,1
青年,1
升值,1
打破,1
信管,1
最新进展,1
Coding,1
永辉,1
DBpedia,1
Freebase,1
航旅,1
垂直于,1
省略,1
益达,1
辨认,1
api,1
钻石,1
段位,1
收徒,1
内生,1
分工,1
简易,1
宇宙,1
五道口,1
技工学校,1
贵系,1
数带,1
搞定,1
NIKE,1
乐高,1
德芙,1
百事,1
LEVI,1
existing,1
demos,1
executives,1
friendly,1
干部,1
largest,1
ecommerce,1
revenue,1
Fortune,1
believe,1
consumers,1
enjoyable,1
rich,1
website,1
predictive,1
applications,1
offer,1
wide,1
authentic,1
prices,1
delivered,1
speedy,1
commercializing,1
assorted,1
筹备,1
responsive,1
Rails,1
Keras,1
注明,1
合资,1
看清,1
业务主管,1
准度,1
刨根问底,1
brief,1
执行者,1
乔总,1
停留时间,1
易,1
空海,1
账号,1
ekohe,1
Reviewing,1
Mentoring,1
pair,1
scikitlearn,1
Bonus,1
powered,1
supply,1
suite,1
sessions,1
developing,1
integrate,1
stable,1
extensible,1
qualitative,1
commercial,1
effectiveness,1
Create,1
training,1
range,1
dashboards,1
being,1
used,1
widely,1
enough,1
concrete,1
operations,1
Present,1
ranging,1
analysts,1
scope,1
defining,1
leadership,1
efforts,1
customized,1
Strategy,1
tasked,1
utilize,1
analyst,1
critical,1
questions,1
they,1
answer,1
locate,1
their,1
biggest,1
pain,1
points,1
execution,1
ensuring,1
progress,1
organizing,1
aligning,1
Yago,1
RDF,1
能带,1
common,1
IOT,1
Curious,1
entrepreneurial,1
innovative,1
capable,1
promoting,1
spirit,1
result,1
driven,1
practical,1
capturing,1
研发部,1
定类,1
gbdt,1
集合,1
master,1
卡及,1
大促,1
transformation,1
夜量,1
devices,1
network,1
S,1
thinkcell,1
6.5,1
12k,1
15k,1
协商,1
出国深造,1
第一手,1
履约,1
市场份额,1
algorithm,1
principle,1
mechanics,1
调额,1
不断更新,1
条理化,1
表达出来,1
力学,1
networks,1
图像处理,1
及物,1
studying,1
finishing,1
skilled,1
包商,1
复合型,1
prerred,1
real,1
Qualification,1
对委外,1
节省成本,1
某一方面,1
该大,1
表单,1
关系逻辑,1
EVIEWS,1
principles,1
领会,1
有带,1
玩过,1
市面上,1
绝大多数,1
Benefits,1
班超,1
Mongo,1
偏向,1
Rlanguage,1
visulization,1
kills,1
degreel,1
新闻报道,1
描绘,1
子,1
目的地,1
分数,1
生命,1
潜客,1
volume,1
implementationl,1
collection,1
various,1
assess,1
operational,1
opportunities,1
monitoring,1
indicator,1
evaluation,1
organization,1
oraland,1
雅思,1
教学材料,1
高中生,1
可信性,1
tag,1
parameters,1
usage,1
confident,1
choosing,1
method,1
structuring,1
capacity,1
spoked,1
镌写,1
不断深入,1
如用,1
依附,1
纯熟,1
产研方,1
产研,1
资料片,1
内心,1
外表,1
柔软,1
implementing,1
Administer,1
AOV,1
及客,1
OWL,1
表示,1
Protege,1
本体,1
AllegroGraph,1
Virtuoso,1
gitee,1
项均,1
Website,1
reporting,1
request,1
accurate,1
optimized,1
recommendation,1
continuously,1
summarize,1
audience,1
profiling,1
landing,1
立体,1
R7,1
初中生,1
大多,1
高招,1
斗志,1
稀缺,1
教育资源,1
STEAM,1
拆析,1
Very,1
两大,1
囊括,1
斯坦福大学,1
奇迹,1
卡内基,1
梅隆,1
加州大学,1
洛杉矶,1
复旦,1
交大,1
OFO,1
数百万,1
团中央,1
高等学校,1
教育部,1
第一代,1
国务院,1
各后,1
包埋,1
宽表及,1
结构紧凑,1
及小微,1
发包,1
QRACLE,1
品性,1
坚韧,1
求新,1
BBS,1
微博者,1
愿望,1
竞猜,1
养成类,1
战队,1
Embark,1
有方,1
交叉学科,1
心理压力,1
理论依据,1
设计部门,1
持有,1
枯燥,1
制定方案,1
洋葱,1
学习型,1
业务量,1
依然,1
翻了一番,1
程序实现,1
中旬,1
商业活动,1
SQL3.211,1
千万级,1
提对,1
学,1
心里,1
兼备,1
永宏,1
覆盖全国,1
编订,1
年度计划,1
各种因素,1
中共党员,1
切磋,1
扩散,1
DashBoard,1
下一阶段,1
Pipeline,1
g,1
hypothesis,1
testing,1
regressions,1
附加,1
lookalike,1
挥洒,1
Echart,1
云闪付,1
挑选,1
饱含,1
不畏,1
连尚,1
文学,1
咨询中心,1
生态环境,1
关注点,1
DM,1
POS,1
查验,1
请见,1
空,1
并提,1
不看,1
人尽,1
其用,1
2.12,1
newsdog,1
我图,1
想学,1
榜前,1
营业额,1
十,1
总榜前,1
哈工大,1
北航,1
普林斯顿,1
NewsDog,1
lab,1
产销,1
淡旺季,1
pic,1
www.58,1
ooopic,1
图网,1
纸巾,1
偷漏,1
租金,1
垫,1
Umeng,1
如餐,1
五角场,1
检查数据,1
优质产品,1
2B,1
战略部,1
编撰,1
筹划,1
infosys,1
CNRS,1
mybatis,1
springmvc,1
规约,1
today,1
热播,1
对时,1
跳动,1
罗兰贝,1
位置服务,1
甲方,1
如网,1
租车,1
适应环境,1
导图,1
格,1
p2p,1
XGboost,1
Bokeh,1
计算机系统,1
<,1
推文,1
回复,1
原创,1
新闻线索,1
平常,1
实效性,1
研报,1
日常事务,1
乙方,1
必选,1
池在,1
电气工程,1
高档,1
家教,1
师范,1
多门,1
高中,1
教学资源,1
标引,1
可转,1
专,1
统一化,1
sheet,1
效用,1
硕士生,1
已来,1
现货,1
群组,1
海归,1
股指,1
理论物理,1
感强,1
bilibili,1
字节,1
破解,1
标准规范,1
定期维护,1
Appsflyer,1
心得,1
DOTA2,1
csgo,1
ow,1
观赛,1
Firebase,1
中高级,1
积极思考,1
保卖,1
合作性,1
两款,1
参考价值,1
直译,1
写出,1
着手,1
有小贷,1
之中,1
自建,1
处,1
三元,1
勤奋努力,1
讲求实效,1
能源行业,1
动画,1
观众,1
从车,1
sparksql,1
付诸,1
4S店,1
工程技术,1
RMDB,1
刊例,1
转换规则,1
用户意见,1
QV,1
中端,1
tips5,1
依此,1
及析,1
TMD,1
各线别,1
月销,1
退量,1
Feature,1
one,1
培养目标,1
Need,1
轮岗,1
主修,1
务实性,1
放贷,1
django,1
flask,1
video,1
表面,1
增删,1
改查,1
Teradata,1
充沛,1
共同开发,1
徐汇区,1
长宁区,1
高质,1
演变,1
克服困难,1
manipulation,1
中货,1
促,1
严格要求,1
Senior,1
挖出,1
善用,1
入手,1
较紧,1
最小,1
盒子,1
塔,1
技术标准,1
5W2H,1
树,1
证券市场,1
见长,1
verify,1
Dev,1
报出,1
pace,1
并督,1
为例,1
前司,1
师兄,1
档,1
或销,1
1.35,1
猎聘网,1
DP,1
Spec,1
及汇,1
整数,1
及隐,1
调校,1
模组,1
砸,1
如期,1
如质,1
MSSQL,1
时能,1
排列,1
管道,1
陌生,1
刨根,1
赛道,1
售,1
用研,1
底表,1
硬广,1
复现,1
技术革新,1
品友,1
在线视频,1
带上,1
时需,1
强及,1
4A,1
操盘,1
中小企业,1
抢占市场,1
先机,1
广告效应,1
魅力,1
最为,1
Review,1
盯,1
零售商,1
大版,1
带教,1
一名,1
检讨,1
Photoshop,1
课,1
consumersadvocate,1
org,1
静安区,1
泰兴,1
89,1
张园,1
东区,1
铁路线,1
powerbi,1
挫折,1
吴江,1
督办,1
有步骤,1
程序员,1
忍容,1
分毫,1
穷尽,1
重覆,1
有话直说,1
化运,1
海淀,1
朝夕,1
学霸,1
备,1
刻苦,1
共产党员,1
stata,1
虫,1
明日,1
今天,1
会计核算,1
美金,1
波多黎各,1
银行存款,1
通晓,1
改名,1
人选,1
系统集成,1
满薪,1
科技园区,1
大牛常伴,1
身边,1
说到做到,1
玻璃心,1
墨霏,1
与非,1
梧桐,1
诚选,1
www.91,1
wutong,1
证券公司,1
第一位,1
契机,1
离不开,1
成绩优秀,1
摄影,1
勿试,1
可先,1
摄图,1
workben,1
京小贷,1
财务部,1
倒流,1
营利,1
期限,1
哪几种,1
用卡,1
积极合作,1
SparkR,1
为员,1
活跃性,1
习惯于,1
承受力,1
甄选,1
综艺节目,1
收看,1
电视广告,1
创办,1
狠,1
00am,1
30pm,1
双休日,1
快准,1
过年,1
下厨房,1
不行,1
郊游,1
虚拟现实,1
体育竞赛,1
信息反馈,1
演出,1
package,1
纪律性,1
apps,1
煤炭,1
条理,1
市内,1
数据抽象,1
能源需求,1
statsmodels,1
等库,1
1%,1
第二,1
Intermediate,1
法语,1
阿拉伯语,1
叮,1
礼包,1
领取,1
超前,1
攻城,1
喵,1
从小,1
advance,1
proactively,1
Life,1
装饰,1
外地,1
租房,1
科学合理,1
晋级,1
特别奖,1
新人奖,1
精神面貌,1
90%,1
统一性,1
科研成果,1
effectively,1
采纳,1
sell,1
out,1
inventory,1
Adhoc,1
requests,1
managements,1
keep,1
communicate,1
超牛,1
双梯式,1
纵向,1
放在,1
口水,1
偷拍,1
噢,1
70,1
睿智,1
天真,1
颜值,1
烦恼,1
照片,1
马桶盖,1
want,1
床头,1
突飞猛进,1
经手,1
超能力,1
脱单,1
口号,1
不切实际,1
变为,1
照进,1
时流,1
小心,1
障碍,1
淘汰,1
超赞,1
手软,1
全身上下,1
头发丝,1
买单,1
写写,1
尊,1
享版,1
味道,1
媲美,1
暖心,1
探亲,1
兴趣小组,1
体育项目,1
排位,1
赛,1
八卦,1
学以致用,1
忙碌,1
加工过程,1
猎户,1
盯紧,1
生动有趣,1
青岛市,1
黄岛区,1
长江中路,1
467,1
汇商,1
b1504,1
qdlfm,1
喝,1
草料,1
最火,1
乐于助人,1
全线,1
拿下,1
灵魂,1
终,1
相遇,1
先看,1
人脸识别,1
建议您,1
电动牙刷,1
山东省,1
飘过,1
广深,1
北上,1
夏日,1
张泉灵,1
秋风扫落叶,1
勤恳,1
会为,1
傅盛,1
学院路,1
分部,1
430000,1
关山,1
光谷,1
宝贵,1
热爱工作,1
Php,1
Qt,1
Saas,1
全栈,1
裂变,1
外企,1
卖货,1
抱负,1
主抓,1
花样,1
签字笔,1
遗漏,1
走远,1
总得,1
喜马拉雅,1
骄傲,1
领先水平,1
随便,1
不让,1
志同道合,1
野心,1
Mentor,1
格式化,1
化及,1
猎豹,1
深加工,1
房客,1
业务员,1
星空,1
一条线,1
纸质,1
时须,1
见谅,1
邀约,1
脚踏实地,1
人同,1
言出必行,1
弄虚作假,1
言,1
无实,1
容忍,1
小雅,1
看书,1
自行安排,1
需签,1
承诺书,1
读书笔记,1
日清,1
日结,1
初面,1
复面,1
须知,1
繁琐,1
Hope,1
welcome,1
展览,1
75%,1
五楼,1
质量标准,1
侦测,1
作案,1
输入输出,1
前段,1
FCRP,1
FCBP,1
分位,1
车费,1
36,1
▲,1
WeChat,1
181,1
4020,1
2157,1
天健,1
中联,1
新普,1
成电,1
中海,1
龙腾,1
join,1
隔,1
万人,1
含金量,1
公寓,1
安家,1
职称,1
入托,1
就学,1
管委会,1
一街,1
茂业,1
互助金,1
直通,1
方便快捷,1
精湛,1
科系,1
PySpark,1
正义感,1
判别,1
择优录用,1
access,1
医星,1
诚邦,1
潜心,1
sourcing,1
presenting,1
Becoming,1
expert,1
provider,1
Translate,1
Advise,1
Prioritize,1
assets,1
department,1
Visualize,1
中等,1
Grasp,1
original,1
Technical,1
treat,1
sets,1
draw,1
useful,1
BIME,1
Proficient,1
en,1
visualizing,1
dimension,1
Finally,1
Greenplum,1
流畅,1
商品质量,1
毛利,1
医务科,1
④,1
度为,1
棋牌,1
品德,1
Technology,1
become,1
treatment,1
proficiency,1
technological,1
In,1
close,1
prioritising,1
asset,1
architecture,1
英才,1
推举,1
省部级,1
三金,1
Thinking,1
Logical,1
Communication,1
Presentation,1
用户界面,1
________________________________________________,1
全都,1
分忧,1
之余,1
graphx,1
证件,1
机,1
新兴产业,1
贯彻落实,1
含非,1
严于律己,1
信息沟通,1
国有,1
可研,1
SQL7,1
Critical,1
Other,1
figures,1
logic,1
us,1
二次,1
经侦,1
Nginx,1
Memcached,1
Analyzes,1
decisions,1
same,1
involves,1
Involved,1
build,1
Consistently,1
behaviors,1
monetization,1
aspects,1
Market,1
these,1
industry,1
Sensitive,1
体育赛事,1
励志,1
分配制度,1
样板工程,1
三家,1
省级,1
智汇,1
y,1
右,1
积微物联,1
四方,1
系统软件,1
核心技术,1
公共服务,1
模拟训练,1
决策支持系统,1
集聚,1
升格,1
KMX,1
评为,1
广泛应用,1
钢铁,1
化工,1
军工,1
石油,1
电气,1
冶金,1
x,1
股票市场,1
5.5,1
12K,1
六日,1
食宿,1
境内,1
常驻,1
另算,1
参照,1
预算编制,1
总预算,1
比较清楚,1
非税,1
固定资产,1
对龙图,1
表间,1
流向,1
软硬,1
Deep,1
三里屯,1
Solr,1
华为公司,1
放假,1
jSoup,1
验证码,1
加密,1
池等,1
生产力,1
Powerview,1
一天,1
吞吐,1
高可靠性,1
s4,1
重及,1
SASSPSS,1
蘑菇,1
交予,1
疼点,1
非银行,1
经营性,1
全年,1
惠及,1
eView,1
httpClient,1
假条,1
混合,1
精硕,1
进口产品,1
Sales,1
blueair,1
实现目标,1
结转,1
营业,1
65,1
所得额,1
盈亏,1
erp,1
爬,1
业务经理,1
看看,1
平行,1
系统资源,1
辞职,1
网格,1
区域规划,1
资源配置,1
议题,1
技术顾问,1
DV,1
居住,1
一手,1
一员,1
超级,1
受,1
疯狂,1
试探,1
最前沿,1
亲朋好友,1
自我介绍,1
白领,1
外貌,1
江浙,1
浦东,1
长泰,1
中央,1
金科,1
酒吧,1
屈臣氏,1
当家做主,1
广度,1
探索者,1
iPhone,1
较佳,1
攻坚能力,1
支撑体系,1
档案库,1
应收款,1
普通话,1
12%,1
6W,1
劳动法,1
缴,1
品牌形象,1
市场总监,1
客户资源,1
筹办,1
发布会,1
共识,1
冲突,1
勇于开拓,1
愿,1
白皮书,1
金矿,1
列,1
护类,1
美妆个,1
箱包,1
xnode,1
预决算,1
最欢,1
脱,1
不含糊,1
刚刚,1
波,1
靓妹,1
撩,1
深造,1
里面,1
抓马,1
骨,1
一把,1
好手,1
债权,1
迈向,1
巅峰,1
不在乎,1
严肃,1
搞笑,1
不得不,1
简直,1
逛街,1
嘉里,1
玩乐,1
信销,1
优选,1
游走,1
酒展,1
派对,1
音节,1
弄潮儿,1
大多数,1
三分之一,1
银,1
COO,1
植根,1
但皆具,1
一下,1
搞得定,1
浪,1
惹眼,1
静安寺,1
撕,1
淳朴,1
Tempo,1
努力做到,1
净化器,1
对微,1
sever,1
Who,1
Are,1
空气,1
独家,1
港澳台,1
进口,1
主营,1
宗旨,1
Samsonite,1
American,1
Tourister,1
Kamiliant,1
BIJOUX,1
MERBLISS,1
LG,1
PREMINT,1
Garglin,1
postgreSQL,1
跨行业,1
先进经验,1
抵押,1
最酷,1
AMP,1
加速,1
站点,1
Events,1
enhanced,1
Mixpanel,1
严苛,1
HTML5,1
CSS3,1
ES6,1
React,1
Webpack,1
Gulp,1
TDD,1
REST,1
MVC,1
MVVM,1
W3C,1
翅膀,1
身怀绝技,1
类能,1
包住,1
agile,1
诚意,1
犹豫,1
怀抱,1
打字,1
包吃,1
中餐,1
成效,1
交五险,1
宏图,1
总体规划,1
金银,1
美意,1
时装,1
字典,1
突破点,1
档案管理,1
创新者,1
能出,1
唤醒,1
EA,1
Twitter,1
Ask,1
本土,1
辅佐,1
南京市,1
玄武区,1
长江路,1
长江,1
00,1
1605,1
1606,1
重要环节,1
扮演着,1
MariaDB,1
不断创新,1
花式,1
95,1
会计专业,1
软件应用,1
负债,1
智领,1
力高,1
众邦,1
获奖者,1
05,1
诺基亚,1
签到,1
网络协议,1
wireshark,1
安全类,1
dns,1
七,1
四层,1
三星,1
摩托罗拉,1
盈科,1
MQL4,1
对华,1
部大,1
千个,1
业务范围,1
平板,1
路由,1
FI,1
vertica,1
kilyin,1
不需,1
嘴,1
岳家,1
三楼,1
MT4,1
MT5,1
用户注册,1
降低成本,1
产品类别,1
历,1
精算师,1
性格内向,1
请慎,1
服务项目,1
补助金,1
8k,1
而定,1
武汉市,1
徐,1
东大街,1
199,1
梨园,1
大酒店,1
伽马,1
农业遥感,1
Btest,1
满勤奖,1
IOS,1
饮食,1
餐,1
生日蛋糕,1
致以,1
女生节,1
健身器材,1
筋骨,1
工资水平,1
相辅相成,1
35000,1
别具,1
一番,1
符合标准,1
内训,1
外训,1
评优,1
超额,1
肯定,1
P7,1
安卓,1
请用,1
搞点酷,1
come,1
制作者,1
为线,1
情报学,1
大厂,1
统计资料,1
若干项,1
国民经济,1
TEST,1
eadership,1
学历者,1
独挡,1
犹佳,1
cnzz,1
座落,1
厦门岛,1
仙岳,1
山脚下,1
精耕,1
合伴,1
28000,1
SciPy,1
病虫害,1
棘额,1
鼓楼区,1
成文,1
旅程,1
QGIS,1
护身,1
穿梭,1
旅途,1
披襟,1
斩,1
解开,1
宜,1
奥秘,1
游刃有余,1
国土,1
土地,1
确权,1
农作物,1
估产,1
长势,1
农业,1
五街,1
陆家嘴,1
分为,1
深化,1
采取相应,1
思路清楚,1
迷你,1
读懂,1
仪,1
本职工作,1
Tablaeu,1
对手,1
SPSSSASRMatlab,1
民航业,1
重大事件,1
目,1
90,1
存,1
03,1
计划编制,1
拜访,1
察,1
07,1
出所,1
