SQL,1606
PYTHON,1172
R,1026
EXCEL,1017
SAS,605
SPSS,567
HIVE,476
PPT,402
BI,320
HADOOP,315
MYSQL,277
AND,276
SPARK,258
TABLEAU,208
JAVA,169
A,145
ETL,144
ORACLE,141
DATA,136
APP,132
TO,131
C,128
OFFICE,128
LINUX,126
O,118
SHELL,105
KPI,100
MATLAB,99
COM,98
B,96
WWW,96
IT,85
VBA,80
IN,76
ISHUMEI,73
L,70
WITH,68
THE,67
WORD,64
OF,62
SERVER,58
HBASE,54
ANALYSIS,53
CRM,51
HTML,50
EXPERIENCE,49
HTTPS,48
OR,45
SVM,44
BUSINESS,42
TEAM,41
AI,41
ANALYTICS,39
K,38
SCALA,38
WORK,34
MAPREDUCE,33
MS,32
ON,32
IS,32
GOOGLE,31
MONGODB,30
FOR,30
STORM,28
PANDAS,27
AB,27
SKILLS,27
NOSQL,26
NLP,26
HQL,25
SQLSERVER,25
BE,24
P,24
STORE,23
PHP,23
UNIX,23
ENGLISH,22
LEARNING,22
ABOUTUS,22
AS,22
KAFKA,22
D,21
GOOD,21
GBDT,20
E,20
POWER,20
HDFS,20
FINANCE,19
REDIS,19
POSTGRESQL,18
RELATED,18
SEM,18
TENSORFLOW,17
AT,17
DB,17
ANALYTICAL,17
PRODUCT,17
OUR,17
MANAGEMENT,17
NUMPY,17
PERL,17
COGNOS,17
ABILITY,17
YOU,16
WEKA,16
SUPPORT,16
PROJECT,15
DEGREE,15
GA,15
DATABASE,15
PLUS,15
DEVELOPMENT,15
HAVE,15
JS,15
BOTH,15
POWERBI,14
TEST,14
PREFERRED,14
S,14
H,14
FAMILIAR,14
HTTP,14
XGBOOST,14
RESULTS,14
INSIGHTS,14
POSITION,14
WEB,14
FROM,14
TOOLS,13
KNOWLEDGE,13
CLEMENTINE,13
STRONG,13
PC,13
ELASTICSEARCH,13
SENSE,13
COMMUNICATION,13
CN,13
SOLUTION,13
INTRODUCTION,13
PROCESS,13
IMPALA,13
KEEP,12
EM,12
WILL,12
SEO,12
QUALITY,12
YEARS,12
LEARN,12
NEW,12
REQUIREMENTS,12
DESCRIPTION,12
AXURE,12
ETC,12
AN,11
ABLE,11
ACCESS,11
JOB,11
PS,11
BACHELOR,11
CREDITFENGKONG,11
STATISTICS,11
MARKETING,11
RESPONSIBILITIES,11
CLIENT,11
REQUIRED,11
SCIKIT,11
MY,11
INFORMATICA,11
ARE,10
CASE,10
INCLUDING,10
PM,10
TOP,10
TALKINGDATA,10
HIVESQL,10
OLAP,10
WRITTEN,10
COMPUTER,10
REPORT,10
DASHBOARD,10
PRESTO,10
DIGITAL,10
TV,10
DT,10
STATISTICAL,9
SYSTEM,9
ABOVE,9
BD,9
MODELING,9
RESPONSIBLE,9
MODELER,9
WORKING,9
LR,9
MEANS,9
SCIENCE,9
KYLIN,9
TECHNOLOGY,9
KETTLE,9
VISIO,9
FICO,9
MATHEMATICS,9
HR,9
ROI,9
DMP,9
BO,9
T,9
MBA,9
LEADER,8
VC,8
NICE,8
CET,8
J,8
FACEBOOK,8
TEAMS,8
INTERNAL,8
BASIC,8
SAAS,8
JAVASCRIPT,8
SKLEARN,8
FIELD,8
POINT,8
IXIAOCHUAN,8
DW,8
PROJECTS,8
DEVELOP,8
DATASTAGE,8
MR,8
MODELS,8
DELIVER,7
X,7
HELP,7
SSIS,7
STREAMING,7
SALES,7
BIG,7
MAP,7
REDUCE,7
BASED,7
PROBLEM,7
CUSTOMER,7
FLINK,7
MAHOUT,7
QQ,7
GITHUB,7
SKILL,7
GO,7
OPERATION,7
ERP,7
DEEP,7
STATA,7
DSP,7
CEO,7
RUBY,7
JD,7
EVIEWS,7
GROWTH,7
SOFTWARE,7
VISUALIZATION,7
INDEPENDENTLY,7
BY,7
DAU,7
REPORTS,7
SELF,7
MAJOR,7
HC,7
OTHER,6
YOUR,6
SUCH,6
OPEN,6
API,6
ARCGIS,6
GROWINGIO,6
DESIGN,6
FINEBI,6
IMPROVE,6
MINING,6
QUERY,6
ANALYSES,6
RMBP,6
PARTY,6
WE,6
OWNER,6
PERFORMANCE,6
SAP,6
ENGINEERING,6
MDM,6
OTA,6
CREATE,6
SOP,6
QUICK,6
CLV,6
CDN,6
COMPANY,6
THAT,6
PCA,6
PROVIDE,6
DRIVE,6
WHEN,6
MUST,6
CHARTS,6
ABOUT,6
MANAGE,6
ONLINE,6
LANGUAGE,6
COMMUNICATE,6
INFORMATION,6
TECHNICAL,6
EXTERNAL,6
ALL,6
DEMONSTRATED,6
BASH,6
LATTEBANK,6
PROGRAMMING,6
ODPS,6
QLIKVIEW,6
KNN,6
LEAD,6
DIFFERENT,5
KAGGLE,5
HIVEQL,5
GEPHI,5
WAREHOUSE,5
ECONOMICS,5
LAB,5
KEY,5
THINKING,5
WINDOWS,5
SPRING,5
BIEE,5
VLOOKUP,5
MASTERING,5
CAPABILITY,5
ADWORDS,5
LBS,5
WPS,5
ANALYST,5
ENGINEER,5
APPLE,5
MAINTENANCE,5
DEMO,5
SOURCES,5
QUANTITATIVE,5
OUTLOOK,5
MANDARIN,5
DELL,5
IPAD,5
FLUME,5
G,5
LOAN,5
AD,5
FINEREPORT,5
HUANBEI,5
DRUID,5
MLIB,5
CSS,5
LEAST,5
INTO,5
EXPERTISE,5
REVIEW,5
AARRR,5
UDESK,5
JUPYTER,5
UNDERSTANDING,5
COMPLEX,5
LTV,5
PARTNER,5
SEARCH,5
POI,5
QUANVERT,5
COMMAND,5
ERROR,5
VINTAGE,5
CTO,5
EXECUTE,5
SOHO,5
SCIPY,5
INTELLIGENCE,5
RTB,5
MOBILE,5
PASSIONATE,5
MACHINE,5
HIGH,5
LEVEL,5
BCG,5
USER,5
BEHAVIOR,5
MODEL,5
PROBLEMS,5
TIME,5
PLATFORM,5
THROUGH,5
YIMBA,5
TOOL,5
PHOTOSHOP,4
SHINY,4
UNDERSTAND,4
ABTEST,4
INVOICE,4
OPTIMIZATION,4
MQ,4
ENGAGEMENTS,4
ACCOUNTING,4
SOLID,4
PROCESSES,4
CHINA,4
TECHNOLOGIES,4
CREATIVE,4
RELEVANT,4
DECISION,4
TABLE,4
PASSION,4
FLOW,4
CONTEXT,4
PRODUCTS,4
CONSULTING,4
USING,4
TASKS,4
BEST,4
IMPROVEMENT,4
MAKE,4
WHAT,4
EASY,4
DELIVERABLES,4
UNDER,4
PRACTICE,4
CREATIVELY,4
NEO,4
ENSURE,4
PATHON,4
ACESS,4
VERBAL,4
BRAIN,4
PROFICIENCY,4
ECHARTS,4
FINE,4
ML,4
OUTING,4
YARN,4
PRD,4
JMP,4
HIS,4
STEPS,4
ELK,4
NEURAL,4
PRODUCE,4
KMEANS,4
ES,4
EX,4
UV,4
SPASS,4
SQOOP,4
TRACKING,4
JVM,4
ABC,4
HSQL,4
EMERGING,4
HOC,4
CONDUCT,4
PROTOTYPE,4
SOLVE,4
W,4
TRENDS,4
II,4
PV,4
BAT,4
CFA,4
PIPELINE,4
CLIENTS,4
IBM,4
BOM,4
MLLIB,4
LEADING,4
WITHIN,4
DESKTOP,4
PBL,4
OMNITURE,4
ALSO,4
HTK,4
EG,3
APPSFLYER,3
PB,3
LSTM,3
CODING,3
TB,3
RFM,3
CAFFE,3
NEEDS,3
VISUAL,3
ONGOING,3
IMPLEMENTATION,3
FEATURE,3
ORAL,3
QLIK,3
UDACITY,3
ASK,3
CAC,3
CUBE,3
PROGRAM,3
MAKING,3
RNN,3
IP,3
SOUND,3
MEMBER,3
ISSUES,3
TICKETS,3
CRO,3
AWS,3
PD,3
THIS,3
ESTABLISH,3
RECOMMENDATIONS,3
LOGICAL,3
MARKET,3
GIT,3
SEABORN,3
PROCESSING,3
REVIEWS,3
NETWORK,3
MATPLOTLIB,3
NEED,3
GOOGLEANALYTICSS,3
NET,3
BUG,3
CLUSTERING,3
TIMELY,3
HACKING,3
BUT,3
MYBATIS,3
PRESSURE,3
DISPLAY,3
APPLICATION,3
VIDEO,3
PARTNERS,3
OUTSTANDING,3
END,3
HYPOTHESES,3
CONCLUSIONS,3
REQUIREMENT,3
WOULD,3
CC,3
INSIGHT,3
MASTER,3
SOURCE,3
GGPLOT,3
METHODS,3
PROFESSIONAL,3
IF,3
ADVERTISING,3
AUDIENCES,3
LOGSTASH,3
DATAHOOP,3
RECOMMEND,3
NOT,3
DO,3
REINFORCEMENT,3
MVP,3
I,3
PREFERABLY,3
RATE,3
OTT,3
MINDSET,3
IDEA,3
EDUCATION,3
TYPE,3
MOTIVATED,3
ENVIRONMENT,3
MATHEMATICAL,3
MONITOR,3
STRATEGIES,3
BUILDING,3
ACTIONS,3
FLUENT,3
MULTIPLE,3
MAPPING,3
SUPPLY,3
MACRO,3
ESPECIALLY,3
CHAIN,3
MOOC,3
OPPO,3
PEOPLE,3
LOGISTIC,3
TASK,3
PRESENTATION,3
TRANSLATE,3
GOLANG,3
REGRESSION,3
CONVERSION,3
SYSTEMS,3
AM,3
NLTK,3
BUILD,3
MRD,3
QUALIFICATIONS,3
HIGHLY,3
SASS,3
PERSONAL,3
CPA,3
PLAYER,3
UU,3
SOLVING,3
SERVICE,3
CACHE,3
LIKE,3
SCIENTIST,3
RIGHT,3
IO,3
F,3
BU,3
CONSUMERS,3
APPSTORE,3
ADVISE,3
USERS,3
PANDAKILL,3
EXECL,3
BING,3
EAD,3
ELASTIC,3
NODEJS,3
IMPACT,3
SOLUTIONS,3
XML,3
COST,3
LOVCAT,2
SPECIFIC,2
UNIVERSE,2
XPATH,2
RELATING,2
ZOOKEEPER,2
INITIATIVES,2
CLOSELY,2
FINDINGS,2
LIFE,2
ALTERNATE,2
LONGBOW,2
HUANBEILOAN,2
RGL,2
SUPERVISION,2
MINIMAL,2
AUDIT,2
PLYR,2
MIND,2
COO,2
GENERATE,2
EVIEW,2
APPROPRIATE,2
QUANTMOD,2
MIS,2
RATTLE,2
PATTERNS,2
INTERPRET,2
INTEGRITY,2
COMPONENTS,2
UNCOVER,2
APPROACHES,2
IDE,2
WOYAODANGYAOGUAI,2
BP,2
MVC,2
CORRELATIONS,2
EFFICIENCY,2
PRESENTATIONS,2
NODE,2
FORMATTABLE,2
MEASURABLE,2
BASE,2
EFFICIENT,2
ENTIRE,2
KIBANA,2
AWK,2
DAILY,2
FLASK,2
MEDIA,2
ANALYZING,2
SSAS,2
FIX,2
ECONOMIC,2
MAC,2
APACHE,2
INTERPRETATION,2
DEFINITION,2
ORIENTED,2
TRAFFIC,2
DEPLOYMENT,2
STRATEGIST,2
IDG,2
ACHIEVE,2
GLOBAL,2
HANDLE,2
WEBSITE,2
SELECTION,2
OWNERSHIP,2
COMPETITIVE,2
DETAIL,2
ATTENTION,2
RELIABLE,2
FRM,2
SDK,2
IDENTIFY,2
ADVOCATE,2
SOME,2
GIS,2
QILKVIEW,2
SEARCHING,2
COMPREHENSIVE,2
STUDIO,2
ACTIVEX,2
SPARKSQL,2
THINKER,2
ACADEMIC,2
DOTA,2
LOL,2
ACHIEVED,2
AGENCY,2
ROADMAP,2
WEBGIS,2
TESTING,2
SIEBEL,2
SCIENCES,2
UNIVERSITIES,2
PROGRAMMER,2
LENOVO,2
HUKE,2
DCOM,2
GROWING,2
SUMIF,2
JSON,2
SEGMENTATION,2
FAST,2
FREE,2
ENGAGEMENT,2
MISTAKES,2
LARGE,2
STARTER,2
CLASSIFICATION,2
CATCH,2
STRUCTURES,2
STRATEGICALLY,2
THINK,2
UP,2
REPORTING,2
PICK,2
DEPARTMENTS,2
PAGE,2
ANOTHER,2
INNOVATION,2
CONDUCTING,2
CDH,2
RESEARCH,2
MOBA,2
HANDS,2
SIDES,2
PARTICULARLY,2
ALGORITHMS,2
TREE,2
IMAGE,2
RISK,2
APPRECIATED,2
MANNER,2
HELPING,2
POSSESSES,2
JUDGMENT,2
COMBINED,2
MULTI,2
CRITICAL,2
MEMBERS,2
MENTOR,2
GROW,2
OTHERS,2
ACTIVE,2
WILLINGNESS,2
APPROACH,2
IMPORTANT,2
LATTEDATA,2
PROPOSALS,2
NOTEBOOK,2
AUTOMATED,2
PRIORITY,2
BILINGUAL,2
LEFT,2
SUPERB,2
ENABLE,2
SENIOR,2
HAS,2
GUIDANCE,2
INITIATIVE,2
PACKAGES,2
PIG,2
KNOWING,2
CHARTIO,2
BALANCE,2
CAN,2
ER,2
GRAPHX,2
ACUMEN,2
ZEPPELIN,2
BACKGROUND,2
POSTGRES,2
QA,2
WEBTRENDS,2
RESPONSIBILITY,2
NEWSQL,2
KLOOK,2
FULL,2
ASSIGNED,2
JULIA,2
VOC,2
PREFERED,2
ASSUME,2
HARD,2
BOOSTING,2
ANALYZE,2
BETWEEN,2
GENERAL,2
DUTIES,2
GLM,2
ISSUE,2
NORM,2
STATISTIC,2
STOCHASTIC,2
YEAR,2
COMPLETE,2
RETAIL,2
AR,2
SET,2
ACTIVITIES,2
CAMPAIGNS,2
MEASUREMENT,2
CAMPAIGN,2
PARTICULAR,2
MAKERS,2
MAINTAIN,2
WHICH,2
MANAGING,2
ADJUST,2
MAKA,2
III,2
EMBA,2
HERMAN,2
MILLER,2
TCP,2
JA,2
BAD,2
MME,2
TA,2
ENB,2
VB,2
CBD,2
BRT,2
DYNAMIC,2
MANUFACTURING,2
TARGET,2
SUPERSET,2
TOB,2
TD,2
PUSH,2
MPI,2
SQLSEVER,2
MAXCOMPUTE,2
MPLUS,2
TTD,2
XMIND,2
INDICATORS,2
SPRINGMVC,2
NEWSDOG,2
SSPS,2
ODM,2
TITLE,2
MONGO,2
SPL,2
REAL,2
CLEANING,2
DERIVED,2
POC,2
MICROSOFT,2
VEER,2
NEWS,2
FOCUS,2
DEBUG,2
IDATA,2
CNN,2
SALESFORCE,2
SASR,2
EC,2
TOOLING,2
SUPPORTING,2
CO,2
CROSS,2
SCALAPYTHON,2
FORECASTSTUDIO,2
GTM,2
EE,2
SUNVALLEY,2
CONTENT,2
MSTR,2
LOCATION,2
CHN,2
TERMS,2
BACHELORS,2
STRATEGY,2
PROPOSE,2
EDM,2
SENCE,2
MINITAB,2
OA,2
IM,2
ISO,2
CMMI,2
HOW,2
CCXCREDIT,2
BOSS,2
LUCENE,2
MESOS,2
DOCKER,2
PROFILE,2
MT,2
MEETING,2
EXPERIMENT,2
VENDOR,2
INNOVATE,2
CENTER,2
PARTS,2
SPOKEN,2
LEARNER,2
PUT,2
VALIDATION,2
SETUP,2
MICROCRED,2
NECESSARY,2
LGD,2
LOGISTICS,2
ELEGANT,2
V,2
REFERENCE,2
IV,2
EFFECTIVELY,2
WAY,2
COMMERCE,2
MACBOOK,2
OFFLINE,2
GAME,2
CAPABILITIES,2
ROBUST,2
SUBSIDIARIES,2
PERSPECTIVE,2
METHODOLOGICAL,2
COMPUTING,2
COHORT,2
COOPERATION,2
ENHANCE,2
ENVI,2
REACH,2
ERDAS,2
EVOLUTION,2
PCI,2
PROFICIENT,2
INTEREST,2
PRACTICES,2
IDL,2
HOLDING,2
PRIORITIZE,2
LEVERAGING,2
VALUABLE,2
STRATEGIC,2
THANKS,2
RAW,2
LATEST,2
FINAL,2
MEMCACHED,2
COMPANYADS,2
PYRAMID,1
EFFECTIVE,1
SAVING,1
PAYMENT,1
CHANNELS,1
COORDINATION,1
SPRINGBOOT,1
ALLOCATION,1
LINE,1
PRO,1
BIGONE,1
RISKS,1
VOLUMES,1
POTENTIAL,1
CAMPUS,1
PMP,1
XRM,1
LOB,1
GEVENT,1
GUIDELINES,1
PROFITABILITY,1
DRA,1
SP,1
ADX,1
FLASH,1
INTEGRATION,1
HIGHER,1
TARGETED,1
SPRINGCLOUD,1
REQUESTED,1
RETAILERS,1
NBC,1
TOTALING,1
M,1
KINDS,1
STAFF,1
EVALUATE,1
CERTAIN,1
STAT,1
ACCURACY,1
STATE,1
LEAFLET,1
OE,1
RAISES,1
SOCKET,1
EXPLORATORY,1
PREFERABLE,1
MAPBOXGL,1
SC,1
CITYDNA,1
DEAL,1
CITYDNATECH,1
ORGANIZE,1
WELL,1
MLWIN,1
CONQUEST,1
BDP,1
CBNDATA,1
CCO,1
TP,1
PYHTON,1
DNA,1
UNITYMOB,1
MHOUT,1
GEEK,1
DRESS,1
CODE,1
REGIONAL,1
OLTP,1
IDC,1
SOLIDITY,1
CYCLE,1
HAWQ,1
THEM,1
QM,1
OPTIMAL,1
DEGREEAND,1
TABLEU,1
CDISCOUNT,1
WISH,1
ACCESSARY,1
PAYPAL,1
EBAY,1
AMAZON,1
SSPSS,1
GMV,1
CLARIFICATION,1
MAXCOMPUTER,1
PLOTLY,1
OBJECTIVES,1
CONFIRM,1
TOMCAT,1
MICROSTRATEGY,1
PERVASIVE,1
VALUE,1
FTP,1
EXEL,1
DATAWORKS,1
FREIGHT,1
JOLLYCHIC,1
STREAMNG,1
VALIDATE,1
KIMBALL,1
MAINLY,1
INSTRUCTED,1
KTV,1
POSGRESQL,1
WIFI,1
RONG,1
GOALS,1
AREA,1
PAAS,1
ADOBE,1
TODO,1
OPENOFFICE,1
CALC,1
SPREADSHEETS,1
MINDMANAGER,1
PSPP,1
SHELLMYSQLPYTHON,1
INDEX,1
HADOOPHIVE,1
STATUSTIC,1
QUICKOFFICE,1
UI,1
NUMBERS,1
NA,1
REFURBISHMENT,1
MORE,1
THAN,1
MSOFFICE,1
TOC,1
ELECTRONIC,1
BUY,1
MTBF,1
CUP,1
UGC,1
KDD,1
BEIJING,1
PERSON,1
RD,1
CART,1
ECPM,1
CTR,1
RF,1
REPRESENTATIVE,1
HMM,1
BORDERX,1
INC,1
WHOLE,1
DESIRED,1
CONSUMER,1
COLLECT,1
SORT,1
PRE,1
DELIVERY,1
AMERICA,1
FORWARD,1
NORTH,1
MBG,1
MINE,1
LINKAGE,1
OUTSIDE,1
DEFINE,1
COORDINATING,1
RESOURCES,1
ORDER,1
FULFILLMENT,1
SUGGESTION,1
MANDATORY,1
GIVE,1
STACK,1
PYTHONJAVASCALA,1
TSQL,1
PYCHARM,1
PL,1
CANDIDATE,1
STEWARD,1
ROUTINE,1
SHELLO,1
UX,1
DBA,1
XPRESS,1
CHARACTERISTICS,1
CPLEX,1
SPECIFICALLY,1
BIDDING,1
DEMAND,1
RAMS,1
RECOGNIZED,1
CAREFUL,1
UNIVERSITY,1
PAYING,1
TCL,1
WHILE,1
DEADLINE,1
COMPUTATIONAL,1
CONSISTENT,1
PACED,1
LAMBDA,1
QOS,1
KAFA,1
LTR,1
BOOT,1
GLOBALLY,1
MATALAB,1
STORYTELLING,1
MATHMATICS,1
CHALLENGING,1
BECOMES,1
UNITS,1
RPYTHON,1
GREAT,1
CPS,1
WIN,1
TENACIOUS,1
CPC,1
CONFIDENTIAL,1
DEADLINES,1
ADVANCED,1
HADDOOP,1
TRUSTWORTHY,1
ACCOUNTABILITY,1
PLSA,1
ORGANIZATIONAL,1
SENSITIVITY,1
VA,1
ENGAGE,1
KUDU,1
MODELLING,1
COLLABORATIVE,1
FOLLOWING,1
BR,1
ROLLRATE,1
SIDE,1
JUST,1
SO,1
MUCH,1
MANNERQUALIFICATIONS,1
BUSINESSVALUE,1
RESOURCE,1
SPECIALIST,1
LOOKING,1
JDSC,1
GC,1
PONTPAGE,1
FMCG,1
LDA,1
SHARP,1
ADAPTABLE,1
TANGIBLE,1
JUNIOR,1
PEOPLESOFT,1
DATABANK,1
AIRLINES,1
TEACH,1
DESIRE,1
BANKING,1
INSURANCE,1
TEACHER,1
SHARING,1
WORKBEN,1
POWERED,1
MANAGER,1
GET,1
MAKES,1
PERFORM,1
ABSOLUTE,1
SEE,1
CHALLENGES,1
OPPORTUNITY,1
CONTRIBUTE,1
PLEASE,1
PREPARE,1
CV,1
CORE,1
QC,1
AFFYMETRIX,1
ILLUMINA,1
PAGERANK,1
VIRUS,1
WAIT,1
IQ,1
INFECTIOUS,1
TECH,1
LOVER,1
RE,1
EDGE,1
ITS,1
METHODOLOGIES,1
COMMUNICATOR,1
SOPHISTICATED,1
COMPELLING,1
CLEAR,1
ARGUMENTS,1
ENERGY,1
BECAUSE,1
LOVE,1
ENTHUSIASM,1
NAIVE,1
BAYES,1
AMPL,1
INNODB,1
TMD,1
OTC,1
PLSQL,1
MYSOL,1
SA,1
RRC,1
PHR,1
RLF,1
HO,1
RAB,1
UE,1
SMART,1
SQLSERVERL,1
MALTAB,1
ECXEL,1
TIPS,1
APRIORI,1
MALL,1
PY,1
MAXSACLE,1
PROXYSQL,1
AIRFLOW,1
SQLITE,1
VS,1
DATAV,1
BILIBILI,1
APM,1
SCRAPY,1
PYSPIDER,1
FACTOR,1
CORRELATION,1
UC,1
ADMASTER,1
SIMPLER,1
SUBJECTS,1
TRY,1
FINALLY,1
SENSITIVE,1
LOGIC,1
FIGURES,1
KMX,1
PYSPARK,1
FCRP,1
FCBP,1
WECHAT,1
GREENPLUM,1
BECOME,1
TREATMENT,1
TECHNOLOGICAL,1
CLOSE,1
PRIORITISING,1
ASSET,1
INDUSTRY,1
THESE,1
ASPECTS,1
NGINX,1
STATSMODELS,1
WANT,1
HOPE,1
WELCOME,1
JOIN,1
US,1
ANALYZES,1
MONETIZATION,1
DECISIONS,1
SAME,1
INVOLVES,1
INVOLVED,1
CONSISTENTLY,1
BEHAVIORS,1
ARCHITECTURE,1
DIMENSION,1
ALWAYS,1
VISUALIZING,1
DATABASES,1
FIELDS,1
ANY,1
SOFTWARES,1
NUMBER,1
CRUNCHER,1
NATURALLY,1
MULTICULTURAL,1
KNOW,1
INTERACT,1
CULTURES,1
CREATING,1
TRUST,1
RESPECT,1
PRAGMATICAL,1
FAMILIARITY,1
PACKAGE,1
BIME,1
DEPARTMENT,1
EN,1
PRESENTING,1
BECOMING,1
EXPERT,1
PROVIDER,1
ASSETS,1
SOURCING,1
USEFUL,1
VISUALIZE,1
GRASP,1
ORIGINAL,1
TREAT,1
SETS,1
DRAW,1
ETBS,1
POWERDESIGNER,1
PARTICIPATE,1
GEKKO,1
INORANGE,1
Z,1
DADASTAGE,1
FS,1
SOA,1
PYHON,1
NBSP,1
RHADOOP,1
LOG,1
DEVELOPER,1
OK,1
EXTRACT,1
TRANSFORM,1
LOAD,1
OWB,1
REGEX,1
LINXU,1
ROSE,1
POSITIVE,1
FOREST,1
MAINTAINING,1
FUNCTIONAL,1
BACKGROUNDS,1
SVN,1
CEM,1
IFC,1
NORMAL,1
FT,1
SHENZHEN,1
FUNCTION,1
SPEAKING,1
WRITING,1
READING,1
COMUNICATION,1
DI,1
AZKABAN,1
ACCA,1
UED,1
VOLUME,1
PRINCIPLES,1
SKILLED,1
FINISHING,1
TRANSFORMATION,1
PRACTICAL,1
COMMON,1
NETWORKS,1
PRINCIPLE,1
ALGORITHM,1
VERY,1
ONE,1
MANIPULATION,1
PACE,1
DEV,1
QUALIFICATION,1
BLUEAIR,1
SIG,1
ADABOOST,1
CLOUD,1
VOIP,1
DCM,1
UBOT,1
EMBER,1
HACKDATA,1
LATEX,1
PACER,1
MARKDOWN,1
LOFT,1
CS,1
TODAY,1
ICHARTS,1
WMS,1
RANDOM,1
GMAT,1
GRE,1
IMPACTING,1
EXPOSURE,1
ENSURES,1
DOCUMENTS,1
UPDATE,1
STORED,1
APPROPRIATELY,1
WORKFLOW,1
DISCIPLINE,1
SUPERVISORY,1
PERFECT,1
POSSESS,1
MOTIVATION,1
INTERPERSONAL,1
TASKING,1
WORKLOAD,1
MINIMIZES,1
PROCEDURES,1
ASSURANCE,1
BEFORE,1
WAP,1
FIREBASE,1
MONTH,1
CLOSING,1
TAKE,1
PREPARED,1
PASSING,1
PREPARES,1
UPPER,1
MANAGERS,1
APPLIES,1
METHODOLOGY,1
ENFORCES,1
STANDARDS,1
WITHOUT,1
ESSENTIAL,1
IETLS,1
READ,1
CMA,1
CMIA,1
PLAY,1
PYTORCH,1
CLUSTER,1
CUDA,1
DIFFERENCE,1
CLARIFY,1
LINEAR,1
CONNECTION,1
OVERCOME,1
OVER,1
FITTING,1
DATAMINING,1
TOEFL,1
Y,1
SZ,1
MAPLE,1
REDSHIFT,1
WRITE,1
EMAILS,1
BANNER,1
LIVE,1
FC,1
BTW,1
ANTV,1
MATHEMATICA,1
BADCASE,1
PHTHON,1
CBOARD,1
RTAFG,1
MM,1
HOMIE,1
APPS,1
ADVANCE,1
INTERMEDIATE,1
DELIVERED,1
YOUTUBE,1
COMMERCIALIZING,1
ASSORTED,1
VERIFY,1
PREDICTIVE,1
DASHBOARDS,1
CUSTOMIZED,1
TASKED,1
UTILIZE,1
QUESTIONS,1
THEY,1
ANSWER,1
LOCATE,1
THEIR,1
BIGGEST,1
SPEEDY,1
DL,1
PROACTIVELY,1
PRICES,1
RESPONSIVE,1
BSC,1
CYPHER,1
LARGEST,1
ECOMMERCE,1
REVENUE,1
FORTUNE,1
BELIEVE,1
ENJOYABLE,1
RICH,1
FRIENDLY,1
APPLICATIONS,1
OFFER,1
WIDE,1
AUTHENTIC,1
PAIN,1
POINTS,1
EXECUTION,1
ENSURING,1
USED,1
WIDELY,1
ENOUGH,1
CONCRETE,1
OPERATIONS,1
PRESENT,1
RANGING,1
ANALYSTS,1
SUITE,1
EXECUTIVES,1
DEMOS,1
EXISTING,1
CUSTOMERS,1
DELIVERING,1
INFRASTRUCTURE,1
BEING,1
RANGE,1
SESSIONS,1
SCOPE,1
PROGRESS,1
ORGANIZING,1
ALIGNING,1
EFFORTS,1
LEADERSHIP,1
DEFINING,1
DEVELOPING,1
TRAINING,1
INTEGRATE,1
STABLE,1
EXTENSIBLE,1
QUALITATIVE,1
COMMERCIAL,1
EFFECTIVENESS,1
RAILS,1
PIVOT,1
KERAS,1
OW,1
ZEPLINE,1
GOAL,1
TABLUEA,1
FINREPORT,1
WEAKNESS,1
COMPLAINTS,1
TIDYVERSE,1
RSTUDIO,1
IMPROPER,1
CORRECT,1
DIAGNOSE,1
BOKEH,1
METROLOGY,1
RMDB,1
QV,1
HUE,1
DEEPDIVE,1
MPP,1
ENTERPRISE,1
DEPENDS,1
PROPOSAL,1
DEPTH,1
BUSINESSOBJECTS,1
PARTITION,1
FRONT,1
QUICKLY,1
SCM,1
HRBI,1
SIMILAR,1
DELIGHT,1
ROUTING,1
CONTINUOUS,1
ERWIN,1
CSGO,1
HYPOTHESIS,1
BONUS,1
REGRESSIONS,1
TABLAUE,1
VIP,1
DJANGO,1
TERADATA,1
N,1
DP,1
SPEC,1
MSSQL,1
BRIEF,1
HACKER,1
EKOHE,1
REVIEWING,1
MENTORING,1
PAIR,1
SCIKITLEARN,1
EDW,1
IE,1
WUTONG,1
INFOSYS,1
LOOKALIKE,1
ECHART,1
DM,1
POS,1
UMENG,1
SATISFACTION,1
CNRS,1
SPARKR,1
OOOPIC,1
PIC,1
STRENGTHEN,1
CONSUMERSADVOCATE,1
ORG,1
COMBINATION,1
ETHIC,1
MATURITY,1
ORIENTATION,1
PREMINT,1
MIXPANEL,1
REACT,1
WEBPACK,1
GULP,1
TDD,1
REST,1
MVVM,1
SEVER,1
WHO,1
SAMSONITE,1
AMERICAN,1
TOURISTER,1
KAMILIANT,1
BIJOUX,1
MERBLISS,1
ENHANCED,1
EVENTS,1
AMP,1
ORALAND,1
OPERATIONAL,1
OPPORTUNITIES,1
MONITORING,1
INDICATOR,1
EVALUATION,1
ORGANIZATION,1
DEGREEL,1
XNODE,1
KILLS,1
VISULIZATION,1
RLANGUAGE,1
PRERRED,1
SHEET,1
BENEFITS,1
LG,1
GARGLIN,1
VARIOUS,1
TEMPO,1
MQL,1
WIRESHARK,1
DNS,1
FI,1
VERTICA,1
KILYIN,1
SOLR,1
QT,1
QDLFM,1
SELL,1
OUT,1
INVENTORY,1
ADHOC,1
REQUESTS,1
MANAGEMENTS,1
AGILE,1
EA,1
TWITTER,1
BTEST,1
HTTPCLIENT,1
JSOUP,1
POWERVIEW,1
SASSPSS,1
DV,1
IPHONE,1
EADERSHIP,1
MARIADB,1
CNZZ,1
COME,1
IOS,1
TABLAEU,1
SPSSSASRMATLAB,1
QGIS,1
ASSESS,1
COLLECTION,1
FOCUSED,1
LANDING,1
YAGO,1
OPENKG,1
RDF,1
OWL,1
PROTEGE,1
ALLEGROGRAPH,1
VIRTUOSO,1
GITEE,1
REQUEST,1
ACCURATE,1
OPTIMIZED,1
RECOMMENDATION,1
CONTINUOUSLY,1
SUMMARIZE,1
AUDIENCE,1
FREEBASE,1
DBPEDIA,1
DISCOVER,1
ID,1
PREVIOUS,1
ROLE,1
FIRM,1
SCRIPTING,1
VENTURES,1
BERTELSMANN,1
MERGE,1
LEVI,1
GB,1
DPLYR,1
POSTGIS,1
PGROUTING,1
IPHONEX,1
NIKE,1
PROFILING,1
AOV,1
IMPLEMENTATIONL,1
ADMINISTER,1
STUDYING,1
MECHANICS,1
CAPTURING,1
DEVICES,1
IOT,1
CURIOUS,1
ENTREPRENEURIAL,1
INNOVATIVE,1
CAPABLE,1
PROMOTING,1
SPIRIT,1
RESULT,1
DRIVEN,1
COURSERA,1
SAFARIBOOK,1
THINKCELL,1
OFO,1
STEAM,1
CHOOSING,1
IMPLEMENTING,1
TAG,1
PARAMETERS,1
OD,1
USAGE,1
CONFIDENT,1
METHOD,1
EMBARK,1
STRUCTURING,1
CAPACITY,1
SPOKED,1
DATACAMP,1
QRACLE,1
BBS,1
MATLIB,1
